cell,object_id,mesh_converted,x_mw,y_mw,z_mw,x_sf,y_sf,z_sf,rot_x,rot_y,rot_z,temporary,material_path,destination_cell
Seyda Neen,ex_nord_door_01,True,-9821.382,-71476.945,268.844,-491069.1,-3573847.2500000005,13442.199999999999,0.0,0.0,45.00000209717174,False,Data\Materials\morrowind\tx_hinge_01.mat,"Seyda Neen, Census and Excise Warehouse"
Seyda Neen,ex_nord_door_01-back,False,-11748.717,-70101.55,333.711,-587435.85,-3505077.5,16685.55,0.0,0.0,270.0000011238745,False,,"Seyda Neen, Arrille's Tradehouse"
Seyda Neen,ex_nord_door_01,True,-11654.363,-70978.73,345.122,-582718.15,-3548936.5,17256.100000000002,0.0,0.0,261.3000036978018,False,Data\Materials\morrowind\tx_hinge_01.mat,"Seyda Neen, Terurise Girvayne's House"
Seyda Neen,ex_nord_door_01,True,-11958.173,-67956.75,452.5,-597908.65,-3397837.5,22625.0,0.0,0.0,223.39999719506608,False,Data\Materials\morrowind\tx_hinge_01.mat,"Seyda Neen, Fargoth's House"
Seyda Neen,ex_nord_door_01,True,-10934.614,-70251.81,393.879,-546730.7,-3512590.5,19693.95,0.0,0.0,42.99999894818919,False,Data\Materials\morrowind\tx_hinge_01.mat,"Seyda Neen, Eldafire's House"
Seyda Neen,ex_nord_door_01,True,-10956.729,-72364.18,282.37,-547836.45,-3618208.9999999995,14118.5,0.0,0.0,129.80000177109048,False,Data\Materials\morrowind\tx_hinge_01.mat,"Seyda Neen, Census and Excise Office"
Seyda Neen,ex_nord_door_01,True,-11007.254,-67859.51,426.60397,-550362.7000000001,-3392975.4999999995,21330.1985,0.0,0.0,119.49999105422523,False,Data\Materials\morrowind\tx_hinge_01.mat,"Seyda Neen, Draren Thiralas' House"
Seyda Neen,ex_nord_door_01,True,-10582.168,-70725.47,356.903,-529108.4,-3536273.5,17845.15,0.0,0.0,72.19999885752755,False,Data\Materials\morrowind\tx_hinge_01.mat,"Seyda Neen, Vodunius Nuccius' House"
Seyda Neen,Ex_De_Shack_Door,True,-13538.228,-71932.914,161.339,-676911.3999999999,-3596645.7,8066.95,0.0,0.0,340.19999339467273,False,Data\Materials\morrowind\tx_metal_iron_rusty.mat,"Seyda Neen, Erene Llenim's Shack"
Seyda Neen,Ex_De_Shack_Door,True,-14169.115,-71649.66,148.80879,-708455.75,-3582483.0,7440.4394999999995,0.0,0.0,35.82957423566013,False,Data\Materials\morrowind\tx_metal_iron_rusty.mat,"Seyda Neen, Fine-Mouth's Shack"
Seyda Neen,Ex_De_Shack_Door,True,-13465.633,-70987.65,190.05785,-673281.65,-3549382.4999999995,9502.8925,0.0,0.0,253.0901831246195,False,Data\Materials\morrowind\tx_metal_iron_rusty.mat,"Seyda Neen, Foryn Gilnith's Shack"
Seyda Neen,Ex_De_Shack_Door,True,-12890.605,-70649.516,112.48,-644530.25,-3532475.8000000003,5624.0,0.0,0.0,62.799995974831745,False,Data\Materials\morrowind\tx_metal_iron_rusty.mat,"Seyda Neen, Indrele Rathryon's Shack"
Seyda Neen,ex_common_door_01,True,-12295.522,-70033.055,444.112,-614776.1000000001,-3501652.7499999995,22205.600000000002,0.0,0.0,90.00000419434348,False,Data\Materials\morrowind\tx_common_door_02.mat,"Seyda Neen, Arrille's Tradehouse"
Seyda Neen,ex_common_door_balcony,True,-9895.516,-72398.01,726.929,-494775.8,-3619900.4999999995,36346.45,0.0,0.0,314.9999917618903,False,Data\Materials\morrowind\tx_keyhole_01.mat,"Seyda Neen, Census and Excise Warehouse"
Seyda Neen,flora_treestump_unique,False,-12744.618,-70973.68,-211.5298,-637230.9,-3548683.9999999995,-10576.49,0.0,0.0,256.86767667918315,False,,
Seyda Neen,ex_common_window_01,True,-10187.15,-71875.914,370.70795,-509357.5,-3593795.7,18535.3975,0.0,0.0,270.0000011238745,True,Data\Materials\morrowind\tx_metal_strip_01.mat,
Seyda Neen,ex_common_house_tall_01,True,-10176.0,-72128.0,312.54092,-508800.0,-3606400.0,15627.046000000002,0.0,0.0,314.9995906914337,True,Data\Materials\morrowind\tx_stucco_imp_02.mat,
Seyda Neen,ex_common_house_tall_02,True,-9887.324,-71547.1,888.2494,-494366.2,-3577355.0000000005,44412.47,0.0,0.0,135.00000056193724,True,Data\Materials\morrowind\tx_stucco_imp_02.mat,
Seyda Neen,ex_common_skywalk_01,True,-9894.664,-71695.12,683.6002,-494733.2,-3584756.0,34180.01,0.0,0.0,224.99955211962256,True,Data\Materials\morrowind\tx_stucco_imp_02.mat,
Seyda Neen,ex_common_tower_thatch,True,-9793.214,-71074.39,329.34003,-489660.7,-3553719.5,16467.001500000002,0.0,0.0,45.00000209717174,True,Data\Materials\morrowind\tx_stucco_imp_02.mat,
Seyda Neen,ex_common_house_tall_02,True,-12136.0,-70368.0,952.0,-606800.0,-3518400.0,47600.0,0.0,0.0,90.00000419434348,True,Data\Materials\morrowind\tx_stucco_imp_02.mat,
Seyda Neen,ex_common_house_addon,True,-10387.761,-71732.0,174.22008,-519388.05000000005,-3586600.0,8711.003999999999,0.0,0.0,225.00001048585867,True,Data\Materials\morrowind\tx_rope_brown_02.mat,
Seyda Neen,ex_nord_doorf_01,True,-10259.499,-71622.35,238.63193,-512974.95,-3581117.5000000005,11931.5965,0.0,0.0,225.00001048585867,True,Data\Materials\morrowind\tx_stone_plain_01.mat,
Seyda Neen,ex_nord_doorf_01,True,-9837.021,-71490.234,246.95604,-491851.05000000005,-3574511.6999999997,12347.802,0.0,0.0,45.00000209717174,True,Data\Materials\morrowind\tx_stone_plain_01.mat,
Seyda Neen,ex_nord_doorf_01,True,-11728.268,-70103.2,311.82364,-586413.4,-3505160.0,15591.182,0.0,0.0,270.0000297717642,True,Data\Materials\morrowind\tx_stone_plain_01.mat,
Seyda Neen,ex_common_chimney_tall,True,-9879.708,-72020.586,-130.51555,-493985.4,-3601029.3,-6525.777499999999,0.0,0.0,45.00000209717174,True,Data\Materials\morrowind\tx_contain_box_metal_block.mat,
Seyda Neen,ex_nord_win_01,True,-11701.594,-70814.89,348.91415,-585079.7,-3540744.5,17445.7075,0.0,0.0,261.2913463055174,True,Data\Materials\morrowind\tx_hinge_01.mat,
Seyda Neen,ex_nord_doorf_01,True,-11630.464,-70972.54,315.09396,-581523.2,-3548626.9999999995,15754.697999999999,0.0,0.0,262.25504412819356,True,Data\Materials\morrowind\tx_stone_plain_01.mat,
Seyda Neen,ex_nord_house_03,True,-11879.539,-70898.875,336.93646,-593976.9500000001,-3544943.75,16846.823,0.0,0.0,261.3085178506375,True,Data\Materials\morrowind\_left_01.mat,
Seyda Neen,ex_nord_win_02,True,-11718.207,-70690.0,349.7944,-585910.35,-3534500.0,17489.72,0.0,0.0,261.2915582999016,True,Data\Materials\morrowind\tx_hinge_01.mat,
Seyda Neen,ex_nord_chimney_01,True,-11850.299,-71100.836,646.3243,-592514.9500000001,-3555041.8,32316.215,0.0,0.0,261.2913463055174,True,Data\Materials\morrowind\_left_01.mat,
Seyda Neen,ex_nord_win_01,True,-9441.843,-71618.9,301.30032,-472092.15,-3580944.9999999995,15065.016,0.0,0.0,314.9999917618903,True,Data\Materials\morrowind\tx_hinge_01.mat,
Seyda Neen,ex_nord_win_01,True,-9656.684,-71600.85,297.48642,-482834.19999999995,-3580042.5000000005,14874.321,0.0,0.0,45.00000209717174,True,Data\Materials\morrowind\tx_hinge_01.mat,
Seyda Neen,ex_nord_win_01,True,-11876.2705,-68072.56,471.36304,-593813.525,-3403628.0,23568.152000000002,0.0,0.0,226.31828896962952,True,Data\Materials\morrowind\tx_hinge_01.mat,
Seyda Neen,ex_nord_house_01,True,-12107.828,-68105.14,336.37225,-605391.4,-3405257.0,16818.6125,0.0,0.0,226.31828896962952,True,Data\Materials\morrowind\_left_01.mat,
Seyda Neen,ex_nord_doorf_01,True,-11937.803,-67941.53,432.3754,-596890.15,-3397076.5,21618.77,0.0,0.0,226.31828896962952,True,Data\Materials\morrowind\tx_stone_plain_01.mat,
Seyda Neen,ex_nord_rock_02,True,-12134.823,-67784.52,323.6434,-606741.15,-3389226.0,16182.17,0.0,0.0,197.6703591060427,True,Data\Materials\morrowind\tx_stone_plain_01.mat,
Seyda Neen,ex_nord_rock_01,True,-11789.243,-68169.78,336.86316,-589462.15,-3408489.0,16843.158,0.0,0.0,355.2340392459166,True,Data\Materials\morrowind\tx_stone_plain_01.mat,
Seyda Neen,ex_nord_house_02,True,-10788.1455,-69958.68,280.50198,-539407.275,-3497933.9999999995,14025.099,0.0,0.0,45.836554855530444,True,Data\Materials\morrowind\_left_01.mat,
Seyda Neen,ex_nord_rock_01,True,-10748.075,-70403.11,267.83548,-537403.75,-3520155.5,13391.774000000001,0.0,0.0,256.86748760311076,True,Data\Materials\morrowind\tx_stone_plain_01.mat,
Seyda Neen,ex_nord_chimney_01,True,-10486.004,-70128.945,711.7382,-524300.2000000001,-3506447.2500000005,35586.91,0.0,0.0,48.21973556212042,True,Data\Materials\morrowind\_left_01.mat,
Seyda Neen,ex_nord_win_01,True,-10947.595,-69927.56,440.6957,-547379.75,-3496378.0,22034.785,0.0,0.0,45.836501570455496,True,Data\Materials\morrowind\tx_hinge_01.mat,
Seyda Neen,ex_nord_chimney_01,True,-10998.531,-69717.484,697.2581,-549926.55,-3485874.1999999997,34862.905,0.0,0.0,48.21973556212042,True,Data\Materials\morrowind\_left_01.mat,
Seyda Neen,ex_nord_rock_01,True,-11051.244,-70125.53,290.17636,-552562.2000000001,-3506276.5,14508.818,0.0,0.0,274.05619853872366,True,Data\Materials\morrowind\tx_stone_plain_01.mat,
Seyda Neen,ex_nord_win_02,True,-11038.017,-69832.984,438.86118,-551900.85,-3491649.1999999997,21943.059,0.0,0.0,45.836655123144595,True,Data\Materials\morrowind\tx_hinge_01.mat,
Seyda Neen,ex_nord_doorf_01,True,-10953.316,-70270.086,371.303,-547665.8,-3513504.3,18565.15,0.0,0.0,45.83661215130996,True,Data\Materials\morrowind\tx_stone_plain_01.mat,
Seyda Neen,ex_nord_house_02,True,-10655.864,-72493.96,231.91664,-532793.2,-3624698.0000000005,11595.832,0.0,0.0,132.616851368026,True,Data\Materials\morrowind\_left_01.mat,
Seyda Neen,ex_nord_rock_01,True,-11097.332,-72558.945,229.81557,-554866.6,-3627947.2500000005,11490.7785,0.0,0.0,343.64791016632125,True,Data\Materials\morrowind\tx_stone_plain_01.mat,
Seyda Neen,ex_nord_win_01,True,-10633.748,-72333.0,392.11026,-531687.4,-3616650.0,19605.513,0.0,0.0,132.61679980182444,True,Data\Materials\morrowind\tx_hinge_01.mat,
Seyda Neen,ex_nord_win_02,True,-10544.376,-72237.42,390.27554,-527218.8,-3611871.0,19513.777,0.0,0.0,132.6169602300071,True,Data\Materials\morrowind\tx_hinge_01.mat,
Seyda Neen,ex_nord_doorf_01,True,-10976.029,-72346.54,261.39938,-548801.4500000001,-3617326.9999999995,13069.969000000001,0.0,0.0,132.6169086638055,True,Data\Materials\morrowind\tx_stone_plain_01.mat,
Seyda Neen,ex_nord_win_01,True,-11071.415,-68017.48,430.39523,-553570.75,-3400874.0,21519.7615,0.0,0.0,119.48427482190479,True,Data\Materials\morrowind\tx_hinge_01.mat,
Seyda Neen,ex_nord_doorf_01,True,-11029.864,-67849.59,396.57504,-551493.2,-3392479.5,19828.752,0.0,0.0,120.44793253753532,True,Data\Materials\morrowind\tx_stone_plain_01.mat,
Seyda Neen,ex_nord_house_03,True,-10879.635,-68061.52,418.41757,-543981.75,-3403076.0,20920.8785,0.0,0.0,119.50145209660282,True,Data\Materials\morrowind\_left_01.mat,
Seyda Neen,ex_nord_win_02,True,-11135.6,-68125.914,431.27548,-556780.0,-3406295.7,21563.774,0.0,0.0,119.484486816289,True,Data\Materials\morrowind\tx_hinge_01.mat,
Seyda Neen,ex_nord_rock_01,True,-11169.776,-68196.57,298.90387,-558488.8,-3409828.5000000005,14945.1935,0.0,0.0,111.37186280347264,True,Data\Materials\morrowind\tx_stone_plain_01.mat,
Seyda Neen,ex_nord_rock_02,True,-10936.598,-67738.44,279.10617,-546829.9,-3386922.0,13955.308500000001,0.0,0.0,342.1014111335939,True,Data\Materials\morrowind\tx_stone_plain_01.mat,
Seyda Neen,ex_nord_chimney_01,True,-10777.753,-67884.664,727.80566,-538887.65,-3394233.2,36390.282999999996,0.0,0.0,119.48427482190479,True,Data\Materials\morrowind\_left_01.mat,
Seyda Neen,ex_drystonewall_c_01,True,-11387.386,-72260.39,316.59686,-569369.3,-3613019.5,15829.842999999999,0.0,0.0,45.00000209717174,True,Data\Materials\morrowind\tx_stone_plain_01.mat,
Seyda Neen,ex_drystonewall_s_01,True,-11206.366,-72441.414,316.59686,-560318.3,-3622070.7,15829.842999999999,0.0,0.0,45.00000209717174,True,Data\Materials\morrowind\tx_stone_plain_01.mat,
Seyda Neen,ex_drystonewall_s_01,True,-11025.347,-72622.43,316.59686,-551267.35,-3631121.4999999995,15829.842999999999,0.0,0.0,225.00001048585867,True,Data\Materials\morrowind\tx_stone_plain_01.mat,
Seyda Neen,ex_drystonewall_s_01,True,-11206.366,-71898.35,316.59686,-560318.3,-3594917.5000000005,15829.842999999999,0.0,0.0,135.00000056193724,True,Data\Materials\morrowind\tx_stone_plain_01.mat,
Seyda Neen,ex_drystonewall_s_01,True,-11025.347,-71717.336,316.59686,-551267.35,-3585866.8,15829.842999999999,0.0,0.0,135.00000056193724,True,Data\Materials\morrowind\tx_stone_plain_01.mat,
Seyda Neen,ex_nord_house_03,True,-10453.039,-71857.99,294.84167,-522651.95,-3592899.5000000005,14742.0835,0.0,0.0,224.99999329712483,True,Data\Materials\morrowind\_left_01.mat,
Seyda Neen,ex_drystonewall_c_01,True,-10844.327,-71536.32,316.59686,-542216.35,-3576816.0000000005,15829.842999999999,0.0,0.0,135.00000056193724,True,Data\Materials\morrowind\tx_stone_plain_01.mat,
Seyda Neen,ex_nord_win_01,True,-10598.227,-70584.586,383.8466,-529911.3500000001,-3529229.3,19192.33,0.0,0.0,75.08033217816357,True,Data\Materials\morrowind\tx_hinge_01.mat,
Seyda Neen,ex_nord_house_01,True,-10379.552,-70667.45,248.85583,-518977.6,-3533372.5,12442.7915,0.0,0.0,75.08033217816357,True,Data\Materials\morrowind\_left_01.mat,
Seyda Neen,ex_nord_doorf_01,True,-10607.342,-70729.07,336.77765,-530367.1,-3536453.5000000005,16838.8825,0.0,0.0,75.08033217816357,True,Data\Materials\morrowind\tx_stone_plain_01.mat,
Seyda Neen,ex_nord_doorf_01,True,-10678.191,-71962.68,249.99963,-533909.55,-3598133.9999999995,12499.9815,0.0,0.0,46.91412402928432,True,Data\Materials\morrowind\tx_stone_plain_01.mat,
Seyda Neen,ex_drystonewall_s_01,True,-10582.724,-73017.28,176.38649,-529136.2,-3650864.0,8819.3245,0.0,0.0,42.97185755312355,True,Data\Materials\morrowind\tx_stone_plain_01.mat,
Seyda Neen,ex_drystonewall_c_01,True,-10214.497,-73185.35,176.38649,-510724.85,-3659267.5000000005,8819.3245,0.0,0.0,312.9718071107965,True,Data\Materials\morrowind\tx_stone_plain_01.mat,
Seyda Neen,ex_nord_doorf_01,True,-9962.344,-72359.32,226.10515,-498117.19999999995,-3617966.0000000005,11305.2575,0.0,0.0,314.9999917618903,True,Data\Materials\morrowind\tx_stone_plain_01.mat,
Seyda Neen,ex_common_house_addon,True,-10072.0,-72231.05,161.693,-503600.0,-3611552.5,8084.650000000001,0.0,0.0,314.9999917618903,True,Data\Materials\morrowind\tx_rope_brown_02.mat,
Seyda Neen,ex_drystonewall_s_01,True,-10040.0,-72998.05,176.38649,-502000.0,-3649902.5,8819.3245,0.0,0.0,312.9718071107965,True,Data\Materials\morrowind\tx_stone_plain_01.mat,
Seyda Neen,ex_common_balcony_01,True,-9936.255,-72360.3,736.22546,-496812.74999999994,-3618015.0,36811.273,0.0,0.0,315.0000204097801,True,Data\Materials\morrowind\tx_rope_brown_02.mat,
Seyda Neen,ex_de_railing_03,True,-9584.474,-72415.57,150.96857,-479223.7,-3620778.5000000005,7548.4285,0.0,0.0,282.6506571389332,True,Data\Materials\morrowind\tx_rope_heavy.mat,
Seyda Neen,ex_de_railing_03,True,-9568.928,-72393.55,136.57246,-478446.4,-3619677.5,6828.6230000000005,0.0,0.0,201.0041484144791,True,Data\Materials\morrowind\tx_rope_heavy.mat,
Seyda Neen,ex_de_railing_03,True,-9612.322,-72439.445,130.04205,-480616.1,-3621972.2500000005,6502.102499999999,0.0,0.0,50.133766966901376,True,Data\Materials\morrowind\tx_rope_heavy.mat,
Seyda Neen,ex_drystonewall_end_01,True,-9865.502,-72810.74,176.38649,-493275.10000000003,-3640537.0000000005,8819.3245,0.0,0.0,312.9719159727776,True,Data\Materials\morrowind\tx_stone_plain_01.mat,
Seyda Neen,ex_common_plat_cent,True,-12416.0,-70144.0,320.0,-620800.0,-3507200.0,16000.0,0.0,0.0,270.0000011238745,True,Data\Materials\morrowind\tx_wood_dock_rings.mat,
Seyda Neen,ex_common_plat_corn,True,-12416.0,-70400.0,320.0,-620800.0,-3520000.0,16000.0,0.0,0.0,0.0,True,Data\Materials\morrowind\tx_wood_dock_rings.mat,
Seyda Neen,ex_common_plat_cent,True,-12160.0,-70400.0,320.0,-608000.0,-3520000.0,16000.0,0.0,0.0,360.0000110477959,True,Data\Materials\morrowind\tx_wood_dock_rings.mat,
Seyda Neen,ex_common_plat_end,True,-11904.0,-70400.0,320.0,-595200.0,-3520000.0,16000.0,0.0,0.0,0.0,True,Data\Materials\morrowind\tx_wood_dock_rings.mat,
Seyda Neen,ex_common_plat_end,True,-11392.0,-68736.0,205.22313,-569600.0,-3436800.0,10261.1565,0.0,0.0,90.00000419434348,True,Data\Materials\morrowind\tx_wood_dock_rings.mat,
Seyda Neen,ex_common_plat_cent,True,-11392.0,-68992.0,205.22313,-569600.0,-3449600.0,10261.1565,0.0,0.0,270.0000011238745,True,Data\Materials\morrowind\tx_wood_dock_rings.mat,
Seyda Neen,ex_common_plat_cent,True,-11392.0,-69248.0,205.22313,-569600.0,-3462400.0,10261.1565,0.0,0.0,90.00000419434348,True,Data\Materials\morrowind\tx_wood_dock_rings.mat,
Seyda Neen,ex_common_plat_cent,True,-11392.0,-69504.0,205.22313,-569600.0,-3475200.0,10261.1565,0.0,0.0,270.0000011238745,True,Data\Materials\morrowind\tx_wood_dock_rings.mat,
Seyda Neen,ex_common_plat_end,True,-11392.0,-69760.0,205.22313,-569600.0,-3488000.0,10261.1565,0.0,0.0,270.0000011238745,True,Data\Materials\morrowind\tx_wood_dock_rings.mat,
Seyda Neen,ex_common_chimney_tall,True,-11797.166,-69889.32,154.66595,-589858.2999999999,-3494466.0000000005,7733.297500000001,0.0,0.0,0.0,True,Data\Materials\morrowind\tx_contain_box_metal_block.mat,
Seyda Neen,ex_nord_win_02,True,-12136.906,-70245.74,502.61404,-606845.3,-3512287.0000000005,25130.702,0.0,0.0,0.0,True,Data\Materials\morrowind\tx_hinge_01.mat,
Seyda Neen,ex_nord_win_01,True,-11926.264,-70250.68,499.912,-596313.2,-3512533.9999999995,24995.6,0.0,0.0,0.0,True,Data\Materials\morrowind\tx_hinge_01.mat,
Seyda Neen,ex_nord_win_02,True,-12279.225,-69875.27,503.5548,-613961.25,-3493763.5,25177.74,0.0,0.0,90.00000419434348,True,Data\Materials\morrowind\tx_hinge_01.mat,
Seyda Neen,ex_nord_win_02,True,-12287.744,-70074.32,720.05237,-614387.2000000001,-3503716.0000000005,36002.6185,0.0,0.0,90.00000419434348,True,Data\Materials\morrowind\tx_hinge_01.mat,
Seyda Neen,ex_nord_win_01,True,-12283.903,-69888.875,717.22095,-614195.15,-3494443.75,35861.0475,0.0,0.0,90.00000419434348,True,Data\Materials\morrowind\tx_hinge_01.mat,
Seyda Neen,ex_de_docks_steps_01,True,-11461.634,-73598.87,86.9055,-573081.7,-3679943.5,4345.275000000001,0.0,0.0,239.67887979990098,True,Data\Materials\morrowind\tx_wood_dock_rings.mat,
Seyda Neen,ex_de_shack_plank_01,True,-12280.679,-70106.336,464.1418,-614033.95,-3505316.8,23207.09,90.00000419434348,0.0,0.0,True,Data\Materials\morrowind\tx_wood_dock_rings.mat,
Seyda Neen,ex_de_shack_plank_01,True,-12278.3955,-69957.4,465.33304,-613919.775,-3497869.9999999995,23266.652,90.00000419434348,0.0,0.0,True,Data\Materials\morrowind\tx_wood_dock_rings.mat,
Seyda Neen,ex_de_shack_plank_02,True,-12276.672,-70031.24,547.6149,-613833.6,-3501562.0000000005,27380.745000000003,0.0,0.0,0.0,True,Data\Materials\morrowind\tx_wood_dock_rings.mat,
Seyda Neen,ex_de_shack_plank_01,True,-12285.874,-70016.32,337.23245,-614293.7,-3500816.0000000005,16861.622499999998,0.0,0.0,0.0,True,Data\Materials\morrowind\tx_wood_dock_rings.mat,
Seyda Neen,ex_nord_win_02,True,-12119.913,-69723.984,714.6507,-605995.65,-3486199.1999999997,35732.535,0.0,0.0,180.000002659109,True,Data\Materials\morrowind\tx_hinge_01.mat,
Seyda Neen,ex_nord_win_01,True,-11934.468,-69727.83,717.82733,-596723.4,-3486391.5,35891.3665,0.0,0.0,180.000002659109,True,Data\Materials\morrowind\tx_hinge_01.mat,
Seyda Neen,ex_nord_win_02,True,-12118.729,-69726.06,499.82434,-605936.45,-3486303.0,24991.217,0.0,0.0,180.00001984784282,True,Data\Materials\morrowind\tx_hinge_01.mat,
Seyda Neen,ex_nord_win_01,True,-11933.28,-69729.91,503.00085,-596664.0,-3486495.5,25150.0425,0.0,0.0,180.00001984784282,True,Data\Materials\morrowind\tx_hinge_01.mat,
Seyda Neen,ex_de_docks_steps_01,True,-11699.2705,-70396.516,270.6294,-584963.525,-3519825.8000000003,13531.47,0.0,0.0,360.0000110477959,True,Data\Materials\morrowind\tx_wood_dock_rings.mat,
Seyda Neen,furn_sign_inn_arrille,False,-12350.773,-70195.87,639.47534,-617538.6499999999,-3509793.5,31973.767,0.0,0.0,90.00000419434348,True,,
Seyda Neen,furn_imp_signbase_01,False,-12340.728,-70195.96,597.0896,-617036.3999999999,-3509798.0000000005,29854.48,0.0,0.0,90.00000419434348,True,,
Seyda Neen,furn_imp_signbase_01,False,-11719.263,-70199.625,472.49756,-585963.15,-3509981.25,23624.878,0.0,0.0,270.0000297717642,True,,
Seyda Neen,furn_com_lantern_hook,True,-11748.341,-70197.45,381.75662,-587417.05,-3509872.5,19087.831,0.0,0.0,270.0000297717642,True,Data\Materials\morrowind\tx_metal_strip_02.mat,
Seyda Neen,light_com_lantern_02,True,-11738.976,-70195.29,385.41537,-586948.8,-3509764.4999999995,19270.7685,0.0,0.0,270.0000297717642,True,Data\Materials\morrowind\tx_firealpha01.mat,
Seyda Neen,light_com_lantern_02,True,-9888.161,-71422.2,333.3405,-494408.05,-3571110.0,16667.025,0.0,0.0,45.00000209717174,True,Data\Materials\morrowind\tx_firealpha01.mat,
Seyda Neen,furn_com_lantern_hook,True,-9883.874,-71414.65,329.68207,-494193.7,-3570732.4999999995,16484.1035,0.0,0.0,45.00000209717174,True,Data\Materials\morrowind\tx_metal_strip_02.mat,
Seyda Neen,light_com_lantern_02,True,-9899.059,-72274.37,298.53522,-494952.94999999995,-3613718.5,14926.760999999999,0.0,0.0,315.0000204097801,True,Data\Materials\morrowind\tx_firealpha01.mat,
Seyda Neen,light_com_lantern_02,True,-10742.877,-71866.53,392.30887,-537143.85,-3593326.5,19615.4435,0.0,0.0,45.00000209717174,True,Data\Materials\morrowind\tx_firealpha01.mat,
Seyda Neen,furn_com_lantern_hook,True,-10737.968,-71858.57,388.65012,-536898.4,-3592928.5000000005,19432.506,0.0,0.0,45.00000209717174,True,Data\Materials\morrowind\tx_metal_strip_02.mat,
Seyda Neen,terrain_rock_bc_17,True,-9816.918,-70766.695,80.48987,-490845.89999999997,-3538334.7500000005,4024.4934999999996,0.0,0.0,339.9464366520155,True,Data\Materials\morrowind\tx_bc_rock_03.mat,
Seyda Neen,terrain_rock_bc_16,True,-9607.635,-70810.6,121.26946,-480381.75,-3540530.0000000005,6063.473,0.0,0.0,325.6225719878363,True,Data\Materials\morrowind\tx_bc_rock_03.mat,
Seyda Neen,terrain_rock_bc_14,True,-9739.471,-70565.57,58.457436,-486973.55,-3528278.5000000005,2922.8718,0.0,0.0,234.9126616261698,True,Data\Materials\morrowind\tx_bc_rock_03.mat,
Seyda Neen,terrain_rock_bc_17,True,-15170.608,-69029.7,300.6615,-758530.4,-3451485.0,15033.074999999999,0.0,0.0,325.6224917737449,True,Data\Materials\morrowind\tx_bc_rock_03.mat,
Seyda Neen,terrain_rock_bc_16,True,-14975.203,-69289.08,181.99455,-748760.15,-3464454.0,9099.7275,0.0,0.0,25.783106510464997,True,Data\Materials\morrowind\tx_bc_rock_03.mat,
Seyda Neen,terrain_rock_bc_17,True,-15328.172,-69181.69,271.28015,-766408.6,-3459084.5,13564.0075,342.81130584176094,28.64788975654116,291.24502979547356,True,Data\Materials\morrowind\tx_bc_rock_03.mat,
Seyda Neen,terrain_rock_bc_16,True,-15462.288,-68603.41,258.6563,-773114.4,-3430170.5,12932.814999999999,11.459157048532054,0.0,291.2451042799869,True,Data\Materials\morrowind\tx_bc_rock_03.mat,
Seyda Neen,terrain_rock_bc_17,True,-13053.166,-67730.164,201.27094,-652658.2999999999,-3386508.2,10063.547,325.6225719878363,4.268868462203604e-07,231.08442119969143,True,Data\Materials\morrowind\tx_bc_rock_03.mat,
Seyda Neen,terrain_rock_bc_17,True,-15731.344,-66642.945,130.39775,-786567.2,-3332147.2500000005,6519.8875,0.0,0.0,325.6224917737449,True,Data\Materials\morrowind\tx_bc_rock_03.mat,
Seyda Neen,terrain_rock_bc_17,True,-15914.15,-66783.05,116.191414,-795707.5,-3339152.5,5809.570699999999,0.0,0.0,256.8676365721375,True,Data\Materials\morrowind\tx_bc_rock_03.mat,
Seyda Neen,terrain_rock_bc_17,True,-14602.099,-66493.7,-22.738749,-730104.95,-3324685.0,-1136.93745,0.0,0.0,54.43089313460303,True,Data\Materials\morrowind\tx_bc_rock_03.mat,
Seyda Neen,terrain_rock_bc_16,True,-13947.148,-65787.96,85.43051,-697357.3999999999,-3289398.0000000005,4271.5255,0.0,0.0,308.4338381339116,True,Data\Materials\morrowind\tx_bc_rock_03.mat,
Seyda Neen,terrain_rock_bc_17,True,-14045.456,-65917.54,24.93992,-702272.8,-3295876.9999999995,1246.996,0.0,0.0,259.73233960412233,True,Data\Materials\morrowind\tx_bc_rock_03.mat,
Seyda Neen,terrain_rock_bc_16,True,-14074.805,-65709.02,136.33362,-703740.25,-3285451.0,6816.681,17.188733853924695,0.0,37.24226241308146,True,Data\Materials\morrowind\tx_bc_rock_03.mat,
Seyda Neen,terrain_rock_bc_16,True,-14179.525,-71134.37,-18.197235,-708976.25,-3556718.5,-909.8617499999999,0.0,0.0,134.64508185574346,True,Data\Materials\morrowind\tx_bc_rock_03.mat,
Seyda Neen,terrain_rock_bc_17,True,-13403.875,-71284.75,14.516763,-670193.75,-3564237.5,725.8381499999999,0.0,0.0,105.99715772173458,True,Data\Materials\morrowind\tx_bc_rock_03.mat,
Seyda Neen,terrain_rock_bc_17,True,-14124.177,-70912.38,55.348827,-706208.85,-3545619.0,2767.44135,0.0,0.0,83.07885164607961,True,Data\Materials\morrowind\tx_bc_rock_03.mat,
Seyda Neen,terrain_rock_bc_18,True,-10969.807,-72938.39,166.89052,-548490.3500000001,-3646919.5,8344.526,0.0,0.0,339.94645957032736,True,Data\Materials\morrowind\tx_bc_rock_03.mat,
Seyda Neen,terrain_rock_bc_17,True,-10669.448,-73268.96,78.85594,-533472.4,-3663448.0000000005,3942.797,0.0,0.0,88.80842959738784,True,Data\Materials\morrowind\tx_bc_rock_03.mat,
Seyda Neen,terrain_rock_bc_18,True,-8536.042,-69810.516,417.59677,-426802.1,-3490525.8000000003,20879.838499999998,331.352092643365,348.5408264972897,287.4422115063651,True,Data\Materials\morrowind\tx_bc_rock_03.mat,
Seyda Neen,light_com_lantern_02,True,-12320.501,-70197.94,533.13434,-616025.05,-3509897.0,26656.716999999997,0.0,0.0,90.00000419434348,True,Data\Materials\morrowind\tx_firealpha01.mat,
Seyda Neen,furn_com_lantern_hook,True,-12311.497,-70195.72,529.4756,-615574.85,-3509786.0,26473.78,0.0,0.0,90.00000419434348,True,Data\Materials\morrowind\tx_metal_strip_02.mat,
Seyda Neen,flora_bc_tree_02,True,-9254.131,-68035.586,1051.9387,-462706.55,-3401779.3,52596.935,0.0,0.0,159.4650291238597,True,Data\Materials\morrowind\tx_bc_bark_02.mat,
Seyda Neen,flora_bc_mushroom_03,True,-9395.893,-67624.336,213.6757,-469794.65,-3381216.8,10683.785,2.817452921493793e-05,0.0,33.414130848584136,True,Data\Materials\morrowind\tx_bc_mushroom_01.mat,
Seyda Neen,flora_bc_mushroom_04,True,-9505.982,-67738.64,216.17249,-475299.1,-3386932.0,10808.6245,348.54086660433535,0.0,165.19438362162782,True,Data\Materials\morrowind\tx_bc_mushroom_01.mat,
Seyda Neen,terrain_rock_bc_15,True,-9213.755,-67730.67,188.00128,-460687.74999999994,-3386533.5,9400.064,0.0,0.0,341.8478773092485,True,Data\Materials\morrowind\tx_bc_rock_03.mat,
Seyda Neen,flora_bc_tree_08,True,-11743.737,-71486.32,652.77844,-587186.85,-3574316.0000000005,32638.922000000002,0.0,0.0,64.95201972376516,True,Data\Materials\morrowind\tx_bc_bark_02.mat,
Seyda Neen,flora_bc_shelffungus_02,True,-11547.037,-71423.445,257.2887,-577351.85,-3571172.2500000005,12864.435,0.0,0.0,281.7124616677183,True,Data\Materials\morrowind\tx_bc_fungusbottom_01.mat,
Seyda Neen,flora_bc_shelffungus_04,True,-11559.867,-71427.266,273.14114,-577993.35,-3571363.3000000003,13657.057,0.0,0.0,258.7940352709264,True,Data\Materials\morrowind\tx_bc_fungusbottom_02.mat,
Seyda Neen,flora_bc_grass_01,True,-11726.055,-71644.1,184.14355,-586302.75,-3582205.0000000005,9207.1775,342.77047686927995,0.0,355.24497128064775,True,Data\Materials\morrowind\tx_bc_grassblade.mat,
Seyda Neen,flora_bc_fern_03,True,-11544.419,-71220.66,250.65633,-577220.95,-3561033.0,12532.816499999999,0.0,348.54086660433535,189.07594634245672,True,Data\Materials\morrowind\tx_bc_fern_01.mat,
Seyda Neen,flora_bc_mushroom_08,True,-11884.401,-71352.875,176.7333,-594220.05,-3567643.75,8836.665,0.0,0.0,6.692935666237234,True,Data\Materials\morrowind\tx_bc_mushroom_02.mat,
Seyda Neen,flora_bc_mushroom_08,True,-11871.331,-71315.48,195.59186,-593566.55,-3565774.0,9779.593,0.0,0.0,6.692935666237234,True,Data\Materials\morrowind\tx_bc_mushroom_02.mat,
Seyda Neen,flora_bc_mushroom_08,True,-11910.424,-71342.125,186.78226,-595521.2000000001,-3567106.25,9339.113000000001,11.49999977200016,0.0,98.40000091888562,True,Data\Materials\morrowind\tx_bc_mushroom_02.mat,
Seyda Neen,flora_bc_tree_02,True,-13502.304,-71293.445,878.5833,-675115.2,-3564672.2500000005,43929.165,0.0,0.0,102.16924388119942,True,Data\Materials\morrowind\tx_bc_bark_02.mat,
Seyda Neen,flora_bc_grass_01,True,-14054.112,-70437.61,60.520126,-702705.6,-3521880.5,3026.0063,17.147910611021626,337.0817278904527,252.1126598303468,True,Data\Materials\morrowind\tx_bc_grassblade.mat,
Seyda Neen,flora_bc_fern_03,True,-14323.818,-70658.72,56.105213,-716190.8999999999,-3532936.0,2805.26065,22.918311805232932,17.188733853924695,80.21395380844443,True,Data\Materials\morrowind\tx_bc_fern_01.mat,
Seyda Neen,terrain_bc_scum_02,True,-12558.747,-71096.27,1.0,-627937.35,-3554813.5,50.0,0.0,0.0,0.0,True,Data\Materials\morrowind\tx_bc_scum.mat,
Seyda Neen,terrain_bc_scum_01,True,-10656.0,-66432.0,1.0,-532800.0,-3321600.0,50.0,0.0,0.0,0.0,True,Data\Materials\morrowind\tx_bc_scum.mat,
Seyda Neen,terrain_rock_bc_17,True,-12330.129,-68194.33,198.07895,-616506.4500000001,-3409716.5,9903.9475,0.0,0.0,353.3071649921578,True,Data\Materials\morrowind\tx_bc_rock_03.mat,
Seyda Neen,flora_bc_grass_01,True,-11796.401,-68028.17,370.06744,-589820.05,-3401408.5,18503.372,0.0,348.54086660433535,41.070422625468545,True,Data\Materials\morrowind\tx_bc_grassblade.mat,
Seyda Neen,flora_bc_grass_01,True,-12759.6045,-67733.445,297.0802,-637980.225,-3386672.2500000005,14854.01,342.81131730091687,342.81130584176094,58.25915647939324,True,Data\Materials\morrowind\tx_bc_grassblade.mat,
Seyda Neen,flora_bc_tree_02,True,-12966.302,-67694.164,1142.6146,-648315.1,-3384708.2,57130.73,0.0,0.0,222.49036366993843,True,Data\Materials\morrowind\tx_bc_bark_02.mat,
Seyda Neen,flora_bc_fern_03,True,-13163.844,-67282.07,236.23534,-658192.2,-3364103.5000000005,11811.767,11.459122671064348,5.729577951308233,140.84368305814579,True,Data\Materials\morrowind\tx_bc_fern_01.mat,
Seyda Neen,flora_bc_grass_01,True,-12718.535,-67520.21,312.77823,-635926.75,-3376010.5000000005,15638.9115,0.0,348.56334373863837,188.1394582854713,True,Data\Materials\morrowind\tx_bc_grassblade.mat,
Seyda Neen,flora_bc_grass_01,True,-9438.437,-67669.01,233.832,-471921.85,-3383450.4999999995,11691.6,18.621124331047188,18.643641572395833,113.6549678367761,True,Data\Materials\morrowind\tx_bc_grassblade.mat,
Seyda Neen,flora_bc_grass_01,True,-8494.232,-67981.54,469.14395,-424711.6,-3399076.9999999995,23457.197500000002,2.817452921493793e-05,0.0224849826788599,205.32813484361648,True,Data\Materials\morrowind\tx_bc_grassblade.mat,
Seyda Neen,flora_bc_grass_01,True,-10199.009,-72727.77,128.03207,-509950.45,-3636388.5,6401.6035,358.5676452078586,348.5408264972897,267.85776922365983,True,Data\Materials\morrowind\tx_bc_grassblade.mat,
Seyda Neen,flora_bc_grass_01,True,-11206.361,-68669.84,217.01454,-560318.05,-3433492.0,10850.727,348.54086660433535,342.81130584176094,58.25915647939324,True,Data\Materials\morrowind\tx_bc_grassblade.mat,
Seyda Neen,flora_bc_grass_01,True,-12677.234,-65839.09,71.579544,-633861.7000000001,-3291954.5,3578.9772,348.5408264972897,354.2704044485979,68.75484374245156,True,Data\Materials\morrowind\tx_bc_grassblade.mat,
Seyda Neen,flora_bc_knee_03,True,-13244.616,-66308.25,-10.036285,-662230.8,-3315412.5,-501.81424999999996,0.0,0.0,307.4704439788668,True,Data\Materials\morrowind\tx_bc_bark_01.mat,
Seyda Neen,flora_bc_tree_04,True,-13195.357,-65914.22,827.4802,-659767.85,-3295711.0,41374.009999999995,0.0,0.0,330.3887787024115,True,Data\Materials\morrowind\tx_bc_bark_01.mat,
Seyda Neen,flora_bc_knee_02,True,-13301.386,-66400.99,-7.3283343,-665069.3,-3320049.5000000005,-366.416715,0.0,0.0,21.95482712285653,True,Data\Materials\morrowind\tx_bc_bark_01.mat,
Seyda Neen,ex_common_plat_end,True,-12448.0,-66144.0,6.3597865,-622400.0,-3307200.0,317.989325,0.0,0.0,270.0000011238745,True,Data\Materials\morrowind\tx_wood_dock_rings.mat,
Seyda Neen,ex_common_plat_end,True,-12448.0,-65888.0,6.3597865,-622400.0,-3294400.0,317.989325,0.0,0.0,90.00000419434348,True,Data\Materials\morrowind\tx_wood_dock_rings.mat,
Seyda Neen,flora_bc_tree_12,True,-11164.029,-66699.31,21.806585,-558201.4500000001,-3334965.5,1090.32925,0.0,0.0,153.73527928521293,True,Data\Materials\morrowind\tx_bc_bark_01.mat,
Seyda Neen,flora_bc_knee_03,True,-11264.109,-66641.63,-15.398373,-563205.4500000001,-3332081.5,-769.91865,0.0,0.0,57.29583680886183,True,Data\Materials\morrowind\tx_bc_bark_01.mat,
Seyda Neen,flora_bc_knee_02,True,-11001.067,-66640.66,-11.989195,-550053.35,-3332033.0,-599.45975,0.0,0.0,268.326792474754,True,Data\Materials\morrowind\tx_bc_bark_01.mat,
Seyda Neen,flora_bc_knee_01,True,-10936.976,-66558.72,-34.3988,-546848.8,-3327936.0,-1719.94,0.0,0.0,182.38310028681866,True,Data\Materials\morrowind\tx_bc_bark_01.mat,
Seyda Neen,flora_bc_lilypad_02,True,-10646.563,-66386.805,2.0,-532328.15,-3319340.2499999995,100.0,0.0,0.0,307.39999308837747,True,Data\Materials\morrowind\tx_bc_fern_stem.mat,
Seyda Neen,Flora_BC_Lilypad,True,-10579.875,-66359.93,2.0,-528993.75,-3317996.4999999995,100.0,0.0,0.0,112.59999783733556,True,,
Seyda Neen,Flora_BC_Lilypad,True,-10583.138,-66445.01,2.0,-529156.9,-3322250.4999999995,100.0,0.0,0.0,215.69999446799113,True,,
Seyda Neen,Flora_BC_Lilypad,True,-10526.678,-66512.766,2.0,-526333.9,-3325638.3000000003,100.0,0.0,0.0,347.59999542021717,True,,
Seyda Neen,Flora_BC_Lilypad,True,-10456.515,-66289.81,2.0,-522825.75,-3314490.5,100.0,0.0,0.0,9.400000017906825,True,,
Seyda Neen,flora_bc_lilypad_02,True,-9986.728,-66681.234,2.0,-499336.39999999997,-3334061.6999999997,100.0,0.0,0.0,95.3999996331586,True,Data\Materials\morrowind\tx_bc_fern_stem.mat,
Seyda Neen,flora_bc_lilypad_02,True,-9961.296,-66633.53,2.0,-498064.8,-3331676.5,100.0,0.0,0.0,164.0999941258823,True,Data\Materials\morrowind\tx_bc_fern_stem.mat,
Seyda Neen,flora_bc_lilypad_02,True,-10918.791,-66313.234,2.0,-545939.5499999999,-3315661.6999999997,100.0,0.0,0.0,260.49999991719454,True,Data\Materials\morrowind\tx_bc_fern_stem.mat,
Seyda Neen,Flora_BC_Lilypad,True,-10363.829,-66286.734,2.0,-518191.45,-3314336.6999999997,100.0,0.0,0.0,89.80000181679715,True,,
Seyda Neen,Flora_BC_Lilypad,True,-9981.956,-66460.9,2.0,-499097.8,-3323044.9999999995,100.0,0.0,0.0,204.3000021872999,True,,
Seyda Neen,Flora_BC_Lilypad,True,-10030.829,-66615.19,2.0,-501541.45,-3330759.5,100.0,0.0,0.0,329.30000419305827,True,,
Seyda Neen,Flora_BC_Lilypad,True,-10182.423,-66499.766,2.0,-509121.15,-3324988.3000000003,100.0,0.0,0.0,88.69999733465933,True,,
Seyda Neen,flora_bc_lilypad_02,True,-11134.12,-66456.0,2.0,-556706.0,-3322800.0,100.0,0.0,0.0,20.899999216949187,True,Data\Materials\morrowind\tx_bc_fern_stem.mat,
Seyda Neen,Flora_BC_Lilypad,True,-11127.21,-66345.99,2.0,-556360.5,-3317299.5000000005,100.0,0.0,0.0,226.09999777926262,True,,
Seyda Neen,flora_bc_lilypad_02,True,-11196.467,-66399.24,2.0,-559823.35,-3319962.0000000005,100.0,0.0,0.0,185.9999995009851,True,Data\Materials\morrowind\tx_bc_fern_stem.mat,
Seyda Neen,Flora_BC_Lilypad,True,-10904.374,-66418.805,2.0,-545218.7,-3320940.2499999995,100.0,0.0,0.0,214.70000549857136,True,,
Seyda Neen,Flora_BC_Lilypad,True,-11223.966,-66474.47,2.0,-561198.3,-3323723.5,100.0,0.0,0.0,78.19999569940367,True,,
Seyda Neen,Flora_BC_Lilypad,True,-11252.892,-66539.266,2.0,-562644.6,-3326963.3000000003,100.0,0.0,0.0,14.199999783238905,True,,
Seyda Neen,Flora_BC_Lilypad,True,-10709.17,-66512.9,2.0,-535458.5,-3325644.9999999995,100.0,0.0,0.0,164.30000223300655,True,,
Seyda Neen,flora_bc_lilypad_02,True,-12705.574,-70962.1,2.0,-635278.7000000001,-3548105.0000000005,100.0,0.0,0.0,270.9999843637163,True,Data\Materials\morrowind\tx_bc_fern_stem.mat,
Seyda Neen,flora_bc_lilypad_02,True,-12756.655,-71029.195,2.0,-637832.75,-3551459.7500000005,100.0,0.0,0.0,105.90000126841426,True,Data\Materials\morrowind\tx_bc_fern_stem.mat,
Seyda Neen,Flora_BC_Lilypad,True,-12646.461,-71026.42,2.0,-632323.0499999999,-3551321.0,100.0,0.0,0.0,311.10000556030565,True,,
Seyda Neen,Flora_BC_Lilypad,True,-12630.195,-71115.39,2.0,-631509.75,-3555769.5,100.0,0.0,0.0,173.70000511570234,True,,
Seyda Neen,Flora_BC_Lilypad,True,-12604.761,-71319.695,2.0,-630238.05,-3565984.7500000005,100.0,0.0,0.0,105.99999959239844,True,,
Seyda Neen,flora_bc_lilypad_02,True,-12712.203,-71234.984,2.0,-635610.15,-3561749.1999999997,100.0,0.0,0.0,180.3999959550457,True,Data\Materials\morrowind\tx_bc_fern_stem.mat,
Seyda Neen,Flora_BC_Lilypad,True,-12497.15,-71205.38,2.0,-624857.5,-3560269.0,100.0,0.0,0.0,289.29998705003106,True,,
Seyda Neen,terrain_rock_bc_12,True,-9734.221,-67771.9,113.67151,-486711.05,-3388594.9999999995,5683.5755,0.0,0.0,62.06210081921662,True,Data\Materials\morrowind\tx_bc_rock_03.mat,
Seyda Neen,furn_sign_inn_arrille,False,-11703.839,-70199.09,513.59644,-585191.95,-3509954.5,25679.822,0.0,0.0,270.0000011238745,True,,
Seyda Neen,active_chimney_smoke02,False,-11000.805,-69713.195,728.2323,-550040.25,-3485659.7500000005,36411.615,0.0,0.0,0.0,True,,
Seyda Neen,active_chimney_smoke02,False,-11846.602,-71102.51,697.53424,-592330.1000000001,-3555125.4999999995,34876.712,0.0,0.0,348.54086660433535,True,,
Seyda Neen,active_chimney_smoke02,False,-9878.047,-72018.71,1132.8372,-493902.35000000003,-3600935.5000000005,56641.86,0.0,0.0,51.56620385360527,True,,
Seyda Neen,ex_common_plat_end,True,-12416.0,-69888.0,320.0,-620800.0,-3494400.0,16000.0,0.0,0.0,270.0000011238745,True,Data\Materials\morrowind\tx_wood_dock_rings.mat,
Seyda Neen,ex_ship_plank,True,-8469.754,-69693.26,755.9079,-423487.70000000007,-3484662.9999999995,37795.395000000004,20.19999948990401,352.0000018896125,289.1999887260469,True,Data\Materials\morrowind\tx_wood_wethered.mat,
Seyda Neen,ex_de_shack_02,True,-13469.907,-71703.266,181.164,-673495.35,-3585163.3000000003,9058.199999999999,0.0,0.0,68.79999854628582,True,Data\Materials\morrowind\tx_shack_foundation.mat,
Seyda Neen,ex_de_shack_03,True,-14022.677,-71522.71,156.31631,-701133.85,-3576135.5000000005,7815.8155,0.0,0.0,125.08728639626862,True,Data\Materials\morrowind\tx_shack_foundation.mat,
Seyda Neen,ex_de_shack_02,True,-13689.007,-70901.72,215.61714,-684450.35,-3545086.0,10780.857,0.0,0.0,342.81130584176094,True,Data\Materials\morrowind\tx_shack_foundation.mat,
Seyda Neen,ex_de_shack_03,True,-12703.234,-70608.66,120.25708,-635161.7000000001,-3530433.0,6012.854,0.0,0.0,153.73517042323184,True,Data\Materials\morrowind\tx_shack_foundation.mat,
Seyda Neen,ex_common_plat_end,True,-8571.131,-69966.62,810.6357,-428556.55,-3498331.0,40531.785,0.0,0.0,292.9182900107956,True,Data\Materials\morrowind\tx_wood_dock_rings.mat,
Seyda Neen,ex_common_plat_end,True,-8670.82,-70202.4,810.6357,-433541.0,-3510119.9999999995,40531.785,0.0,0.0,112.91832172915434,True,Data\Materials\morrowind\tx_wood_dock_rings.mat,
Seyda Neen,ex_de_railing_03,True,-9629.934,-72458.64,138.33594,-481496.69999999995,-3622932.0,6916.797,0.0,0.0,225.00001048585867,True,Data\Materials\morrowind\tx_rope_heavy.mat,
Seyda Neen,furn_com_lantern_hook_02,True,-9907.94,-72268.516,293.96246,-495397.0,-3613425.8000000003,14698.123000000001,0.0,0.0,314.1634275443757,True,Data\Materials\morrowind\tx_metal_strip_01.mat,
Seyda Neen,light_com_lantern_02,True,-10027.382,-72403.336,298.53522,-501369.1,-3620166.8,14926.760999999999,0.0,0.0,315.0000204097801,True,Data\Materials\morrowind\tx_firealpha01.mat,
Seyda Neen,furn_com_lantern_hook_02,True,-10036.264,-72397.484,293.96246,-501813.19999999995,-3619874.1999999997,14698.123000000001,0.0,0.0,314.1634275443757,True,Data\Materials\morrowind\tx_metal_strip_01.mat,
Seyda Neen,ex_de_docks_center,True,-9511.2,-72713.51,73.763,-475560.00000000006,-3635675.4999999995,3688.15,0.0,0.0,212.69999891184207,True,Data\Materials\morrowind\tx_rope_heavy.mat,
Seyda Neen,ex_de_docks_center,True,-9083.476,-72988.27,73.76258,-454173.80000000005,-3649413.5,3688.129,0.0,0.0,32.70421608689421,True,Data\Materials\morrowind\tx_rope_heavy.mat,
Seyda Neen,ex_de_docks_end,True,-9726.62,-72575.18,73.76258,-486331.00000000006,-3628758.9999999995,3688.129,0.0,0.0,32.70421608689421,True,Data\Materials\morrowind\tx_rope_heavy.mat,
Seyda Neen,ex_de_docks_end,True,-8868.626,-73126.66,73.763,-443431.3,-3656333.0,3688.15,0.0,0.0,212.69999891184207,True,Data\Materials\morrowind\tx_rope_heavy.mat,
Seyda Neen,Furn_De_Rope_06_UNIQUE,False,-9251.263,-73017.91,164.9024,-462563.15,-3650895.5,8245.12,0.0,0.0,212.69999891184207,True,,
Seyda Neen,Furn_De_Rope_06_UNIQUE,False,-9677.048,-72743.23,160.48032,-483852.4,-3637161.5,8024.0160000000005,0.0,0.0,212.69999891184207,True,,
Seyda Neen,Furn_De_Rope_06_UNIQUE,False,-9471.284,-72876.25,163.52016,-473564.19999999995,-3643812.5,8176.008,0.0,0.0,212.69999891184207,True,,
Seyda Neen,Furn_De_Rope_06_UNIQUE,False,-9128.101,-72822.94,160.48032,-456405.05000000005,-3641147.0,8024.0160000000005,0.0,0.0,212.69999891184207,True,,
Seyda Neen,Furn_De_Rope_06_UNIQUE,False,-9332.892,-72689.875,160.48032,-466644.6,-3634493.75,8024.0160000000005,0.0,0.0,212.69999891184207,True,,
Seyda Neen,Furn_De_Rope_06_UNIQUE,False,-9557.411,-72546.83,160.48032,-477870.55,-3627341.5,8024.0160000000005,0.0,0.0,212.69999891184207,True,,
Seyda Neen,Ex_De_Docks_Piling_01,True,-9751.295,-72738.64,-101.19421,-487564.75,-3636932.0,-5059.7105,0.0,0.0,325.6225719878363,True,Data\Materials\morrowind\tx_rope_heavy.mat,
Seyda Neen,Ex_De_Docks_Piling_01,True,-9827.278,-72705.69,-38.407272,-491363.9,-3635284.5,-1920.3636,0.0,0.0,85.94366926962348,True,Data\Materials\morrowind\tx_rope_heavy.mat,
Seyda Neen,Ex_De_Docks_Piling_01,True,-9766.457,-72140.23,68.10852,-488322.85000000003,-3607011.5,3405.426,0.0,0.0,274.0563704260622,True,Data\Materials\morrowind\tx_rope_heavy.mat,
Seyda Neen,Ex_De_Docks_Piling_01,True,-9559.962,-72352.664,68.10852,-477998.1,-3617633.2,3405.426,0.0,0.0,5.729572508209179,True,Data\Materials\morrowind\tx_rope_heavy.mat,
Seyda Neen,Ex_De_SN_Gate,True,-9576.562,-72338.19,213.923,-478828.1,-3616909.5,10696.15,0.0,0.0,224.99999329712483,True,Data\Materials\morrowind\tx_hinge_02.mat,
Seyda Neen,Ex_De_SN_Gate,True,-9752.103,-72155.34,213.923,-487605.14999999997,-3607767.0,10696.15,0.0,0.0,45.00000209717174,True,Data\Materials\morrowind\tx_hinge_02.mat,
Seyda Neen,flora_bc_grass_01,True,-13034.593,-66417.51,-11.239622,-651729.65,-3320875.4999999995,-561.9811000000001,0.0,5.72954529271391,131.7802069364201,True,Data\Materials\morrowind\tx_bc_grassblade.mat,
Seyda Neen,furn_com_fence_03,True,-11541.697,-67104.8,260.69388,-577084.85,-3355240.0,13034.694,0.0,0.0,0.0,True,Data\Materials\morrowind\tx_metal_strip_01.mat,
Seyda Neen,active_sign_seydaneen_01,False,-11540.946,-67103.52,327.74228,-577047.3,-3355176.0,16387.114,0.0,0.0,11.459155902616466,True,,
Seyda Neen,active_sign_pelagiad_01,False,-11543.509,-67103.65,349.07892,-577175.45,-3355182.4999999995,17453.946,0.0,0.0,274.0564277218417,True,,
Seyda Neen,active_sign_vivec_02,False,-11542.598,-67104.7,306.0383,-577129.9,-3355235.0,15301.914999999999,0.0,0.0,274.0564277218417,True,,
Seyda Neen,active_sign_ebonheart_01,False,-11424.376,-67150.18,330.9833,-571218.8,-3357508.9999999995,16549.165,0.0,0.0,274.1000011621614,True,,
Seyda Neen,terrain_rock_bc_16,True,-11540.531,-66986.03,114.15617,-577026.55,-3349301.5,5707.8085,0.0,0.0,308.4338381339116,True,Data\Materials\morrowind\tx_bc_rock_03.mat,
Seyda Neen,terrain_rock_bc_17,True,-11620.254,-67019.24,55.92981,-581012.7000000001,-3350962.0000000005,2796.4905000000003,0.0,0.0,254.00276738239202,True,Data\Materials\morrowind\tx_bc_rock_03.mat,
Seyda Neen,terrain_rock_bc_16,True,-11491.394,-66972.336,141.0867,-574569.7,-3348616.8,7054.335,17.188733853924695,0.0,37.24226241308146,True,Data\Materials\morrowind\tx_bc_rock_03.mat,
Seyda Neen,furn_com_fence_03,True,-11422.406,-67149.516,244.66434,-571120.3,-3357475.8000000003,12233.217,0.0,0.0,0.0,True,Data\Materials\morrowind\tx_metal_strip_01.mat,
Seyda Neen,active_sign_balmora_01,False,-11425.522,-67150.61,283.307,-571276.1000000001,-3357530.5,14165.35,0.0,0.0,274.1000011621614,True,,
Seyda Neen,flora_bc_grass_01,True,-11476.315,-67164.2,181.93433,-573815.75,-3358210.0,9096.716499999999,0.0,348.56334373863837,193.86903623677952,True,Data\Materials\morrowind\tx_bc_grassblade.mat,
Seyda Neen,flora_bc_grass_01,True,-11680.262,-66897.08,126.762596,-584013.1,-3344854.0,6338.1298,5.729577951308233,354.2929216899465,268.35349230800705,True,Data\Materials\morrowind\tx_bc_grassblade.mat,
Seyda Neen,ex_de_railing_02,True,-12086.47,-66456.75,5.4692545,-604323.5,-3322837.5,273.462725,0.0,0.0,40.10701414647889,True,Data\Materials\morrowind\tx_rope_heavy.mat,
Seyda Neen,ex_de_railing_01,True,-11904.958,-66638.98,44.037075,-595247.9,-3331949.0,2201.85375,0.0,0.0,51.56617291388433,True,Data\Materials\morrowind\tx_rope_heavy.mat,
Seyda Neen,ex_de_railing_03,True,-11827.486,-66737.266,7.95662,-591374.3,-3336863.3000000003,397.831,0.0,0.0,126.05071492878112,True,Data\Materials\morrowind\tx_rope_heavy.mat,
Seyda Neen,ex_de_railing_02,True,-12466.771,-67368.27,125.00709,-623338.55,-3368413.5,6250.3545,0.0,0.0,205.30152668361063,True,Data\Materials\morrowind\tx_rope_heavy.mat,
Seyda Neen,ex_de_railing_01,True,-12688.822,-67238.48,163.57495,-634441.1,-3361924.0,8178.7475,0.0,0.0,216.7606711270712,True,Data\Materials\morrowind\tx_rope_heavy.mat,
Seyda Neen,ex_de_railing_03,True,-12788.857,-67163.23,127.494514,-639442.85,-3358161.5,6374.7257,0.0,0.0,291.2451386574546,True,Data\Materials\morrowind\tx_rope_heavy.mat,
Seyda Neen,ex_de_railing_02,True,-9049.806,-68772.54,386.57486,-452490.30000000005,-3438626.9999999995,19328.743,0.0,0.0,262.5972489009134,True,Data\Materials\morrowind\tx_rope_heavy.mat,
Seyda Neen,ex_de_railing_01,True,-9060.567,-68515.56,425.14252,-453028.35,-3425778.0,21257.126,0.0,0.0,274.056393344374,True,Data\Materials\morrowind\tx_rope_heavy.mat,
Seyda Neen,ex_de_railing_03,True,-9051.305,-68390.74,389.0623,-452565.25,-3419537.0000000005,19453.114999999998,0.0,0.0,348.54086660433535,True,Data\Materials\morrowind\tx_rope_heavy.mat,
Seyda Neen,ex_de_railing_02,True,-10268.334,-67829.516,57.59584,-513416.7,-3391475.8000000003,2879.792,0.0,0.0,348.54086660433535,True,Data\Materials\morrowind\tx_rope_heavy.mat,
Seyda Neen,ex_de_railing_01,True,-10012.754,-67800.59,96.16376,-500637.70000000007,-3390029.5,4808.188,0.0,0.0,0.0,True,Data\Materials\morrowind\tx_rope_heavy.mat,
Seyda Neen,ex_de_railing_03,True,-9887.602,-67801.016,60.083263,-494380.10000000003,-3390050.8000000003,3004.1631500000003,0.0,0.0,74.48451909658498,True,Data\Materials\morrowind\tx_rope_heavy.mat,
Seyda Neen,terrain_rock_bc_15,True,-10331.876,-66874.695,-50.56906,-516593.8,-3343734.7500000005,-2528.453,0.0,0.0,58.259122101925534,True,Data\Materials\morrowind\tx_bc_rock_03.mat,
Seyda Neen,terrain_rock_bc_17,True,-10103.718,-66979.89,59.335567,-505185.9,-3348994.5,2966.77835,0.0,0.0,70.65625575179476,True,Data\Materials\morrowind\tx_bc_rock_03.mat,
Seyda Neen,terrain_rock_bc_16,True,-10253.867,-67041.96,114.23607,-512693.35000000003,-3352098.0000000005,5711.8035,17.188733853924695,0.0,213.8958305852155,True,Data\Materials\morrowind\tx_bc_rock_03.mat,
Seyda Neen,terrain_rock_bc_16,True,-10171.103,-67068.18,95.67547,-508555.14999999997,-3353408.9999999995,4783.7735,0.0,0.0,125.08734369204815,True,Data\Materials\morrowind\tx_bc_rock_03.mat,
Seyda Neen,terrain_rock_bc_15,True,-9519.039,-66588.734,52.979263,-475951.95,-3329436.6999999997,2648.96315,0.0,0.0,195.76897001501132,True,Data\Materials\morrowind\tx_bc_rock_03.mat,
Seyda Neen,terrain_rock_bc_15,True,-8873.997,-67036.164,161.88614,-443699.85,-3351808.2,8094.307000000001,0.0,0.0,261.6338089092451,True,Data\Materials\morrowind\tx_bc_rock_03.mat,
Seyda Neen,terrain_rock_bc_12,True,-8993.953,-67226.13,83.11909,-449697.64999999997,-3361306.5,4155.9545,0.0,0.0,341.84804919658706,True,Data\Materials\morrowind\tx_bc_rock_03.mat,
Seyda Neen,terrain_rock_bc_17,True,-8345.837,-67822.65,202.66255,-417291.85,-3391132.4999999995,10133.1275,0.0,0.0,173.7886875232327,True,Data\Materials\morrowind\tx_bc_rock_03.mat,
Seyda Neen,active_sign_hla_oad_02,False,-11540.223,-67106.07,325.532,-577011.15,-3355303.5000000005,16276.599999999999,0.0,0.0,120.29999483483255,True,,
Seyda Neen,active_sign_gnaar_mok_02,False,-11540.188,-67105.83,274.61053,-577009.4,-3355291.5,13730.5265,0.0,0.0,120.32115989578467,True,,
Seyda Neen,ex_de_docks_center,True,-9295.792,-72851.82,73.76258,-464789.6,-3642591.0000000005,3688.129,0.0,0.0,32.70421608689421,True,Data\Materials\morrowind\tx_rope_heavy.mat,
Seyda Neen,Furn_De_Rope_06_UNIQUE,False,-8917.203,-72958.086,160.48032,-445860.14999999997,-3647904.3,8024.0160000000005,0.0,0.0,212.69999891184207,True,,
Seyda Neen,Furn_De_Rope_06_UNIQUE,False,-9037.529,-73154.914,160.48032,-451876.45,-3657745.7,8024.0160000000005,0.0,0.0,212.69999891184207,True,,
Seyda Neen,furn_woodbar_01,True,-10605.342,-72068.92,256.43646,-530267.1,-3603446.0,12821.823,0.0,0.0,0.0,True,Data\Materials\morrowind\tx_wood_brown_posts_02.mat,
Seyda Neen,furn_woodbar_01,True,-10788.414,-71886.41,256.43646,-539420.7000000001,-3594320.5,12821.823,0.0,0.0,0.0,True,Data\Materials\morrowind\tx_wood_brown_posts_02.mat,
Seyda Neen,flora_bc_grass_01,True,-10573.53,-72069.27,163.87859,-528676.5,-3603463.5,8193.9295,354.27043882606563,5.72954529271391,109.82536950032323,True,Data\Materials\morrowind\tx_bc_grassblade.mat,
Seyda Neen,flora_bc_grass_01,True,-10573.53,-72069.27,163.87859,-528676.5,-3603463.5,8193.9295,354.27043882606563,5.72954529271391,35.340846965991496,True,Data\Materials\morrowind\tx_bc_grassblade.mat,
Seyda Neen,terrain_rock_bc_17,True,-14534.599,-66130.016,-22.738749,-726729.95,-3306500.8000000003,-1136.93745,0.0,0.0,259.73233960412233,True,Data\Materials\morrowind\tx_bc_rock_03.mat,
Seyda Neen,flora_bc_tree_02,True,-10238.062,-72958.164,781.38855,-511903.1,-3647908.2,39069.4275,0.0,0.0,136.5467115890488,True,Data\Materials\morrowind\tx_bc_bark_02.mat,
Seyda Neen,terrain_rock_bc_17,True,-11147.394,-72672.336,87.73801,-557369.7,-3633616.8,4386.9005,0.0,0.0,8.239317013433475,True,Data\Materials\morrowind\tx_bc_rock_03.mat,
Seyda Neen,flora_bc_grass_01,True,-11088.726,-72484.46,209.18346,-554436.3,-3624223.0000000005,10459.173,354.27043882606563,5.72954529271391,109.82536950032323,True,Data\Materials\morrowind\tx_bc_grassblade.mat,
Seyda Neen,Ex_De_Shack_Door,True,-12194.208,-74208.766,911.057,-609710.4,-3710438.3000000003,45552.85,0.0,0.0,233.89999310074379,False,Data\Materials\morrowind\tx_metal_iron_rusty.mat,"Seyda Neen, Lighthouse"
Seyda Neen,Ex_De_Shack_Door,True,-12182.086,-74450.46,369.255,-609104.2999999999,-3722523.0000000005,18462.75,356.2999928462898,357.9999930019107,325.59999745070814,False,Data\Materials\morrowind\tx_metal_iron_rusty.mat,"Seyda Neen, Lighthouse"
Seyda Neen,ex_common_lighthouse,True,-12285.851,-74342.47,1132.1985,-614292.55,-3717123.5,56609.924999999996,0.0,0.0,324.350823406608,True,Data\Materials\morrowind\tx_stone_bluegrey.mat,
Seyda Neen,ex_common_plat_end,True,-11994.554,-74763.78,261.3846,-599727.7,-3738189.0,13069.23,0.0,0.0,58.72818546006528,True,Data\Materials\morrowind\tx_wood_dock_rings.mat,
Seyda Neen,ex_common_plat_cent,True,-12127.446,-74544.98,261.3846,-606372.3,-3727249.0,13069.23,0.0,0.0,238.72825114453173,True,Data\Materials\morrowind\tx_wood_dock_rings.mat,
Seyda Neen,ex_common_plat_end,True,-11833.769,-74480.81,128.46988,-591688.45,-3724040.5,6423.494,0.0,0.0,148.7281495473631,True,Data\Materials\morrowind\tx_wood_dock_rings.mat,
Seyda Neen,ex_common_plat_cent,True,-11614.961,-74347.92,128.46988,-580748.0499999999,-3717396.0,6423.494,0.0,0.0,148.7281495473631,True,Data\Materials\morrowind\tx_wood_dock_rings.mat,
Seyda Neen,ex_common_plat_end,True,-11396.161,-74215.03,128.46988,-569808.05,-3710751.5,6423.494,0.0,0.0,328.72826106845315,True,Data\Materials\morrowind\tx_wood_dock_rings.mat,
Seyda Neen,ex_de_docks_steps_01,True,-11903.208,-74537.03,217.84215,-595160.4,-3726851.5,10892.1075,0.0,0.0,325.62251469205677,True,Data\Materials\morrowind\tx_wood_dock_rings.mat,
Seyda Neen,ex_common_plat_cent,True,-11238.716,-73981.41,120.0,-561935.8,-3699070.5,6000.0,0.0,0.0,60.274575630811576,True,Data\Materials\morrowind\tx_wood_dock_rings.mat,
Seyda Neen,ex_common_plat_end,True,-11111.769,-74203.72,120.0,-555588.45,-3710186.0,6000.0,0.0,0.0,60.274575630811576,True,Data\Materials\morrowind\tx_wood_dock_rings.mat,
Seyda Neen,ex_common_plat_end,True,-11365.643,-73759.11,120.0,-568282.15,-3687955.5,6000.0,0.0,0.0,240.27460693781032,True,Data\Materials\morrowind\tx_wood_dock_rings.mat,
Seyda Neen,ex_com_dframe_lthus,True,-12182.434,-74451.81,296.2754,-609121.7,-3722590.5,14813.77,0.0,0.0,57.29580243139413,True,Data\Materials\morrowind\tx_wood_grey_planks_01.mat,
Seyda Neen,light_com_lantern_02,True,-12214.756,-74514.87,400.299,-610737.7999999999,-3725743.5,20014.949999999997,0.0,0.0,327.0320252455463,True,Data\Materials\morrowind\tx_firealpha01.mat,
Seyda Neen,furn_com_lantern_hook,True,-12221.741,-74508.09,396.6402,-611087.05,-3725404.5,19832.01,0.0,0.0,327.0320252455463,True,Data\Materials\morrowind\tx_metal_strip_02.mat,
Seyda Neen,light_com_lantern_02,True,-12131.929,-74241.2,952.48956,-606596.45,-3712060.0,47624.478,0.0,0.0,233.35356325152753,True,Data\Materials\morrowind\tx_firealpha01.mat,
Seyda Neen,furn_com_lantern_hook,True,-12138.052,-74248.68,948.83075,-606902.6,-3712433.9999999995,47441.5375,0.0,0.0,233.35356325152753,True,Data\Materials\morrowind\tx_metal_strip_02.mat,
Seyda Neen,terrain_rock_bc_17,True,-12702.852,-75327.03,-103.00654,-635142.6000000001,-3766351.5,-5150.327,0.0,0.0,48.701359301045024,True,Data\Materials\morrowind\tx_bc_rock_03.mat,
Seyda Neen,terrain_rock_bc_16,True,-14164.946,-75479.91,152.28386,-708247.3,-3773995.5,7614.193,0.0,0.0,148.96902673401405,True,Data\Materials\morrowind\tx_bc_rock_03.mat,
Seyda Neen,terrain_rock_bc_13,True,-14088.766,-75651.336,121.139465,-704438.2999999999,-3782566.8,6056.97325,0.0,0.0,272.1548724730497,True,Data\Materials\morrowind\tx_bc_rock_03.mat,
Seyda Neen,terrain_rock_bc_14,True,-11574.294,-74212.445,2.096087,-578714.7,-3710622.2500000005,104.80434999999999,0.0,0.0,104.09575717154729,True,Data\Materials\morrowind\tx_bc_rock_03.mat,
Seyda Neen,terrain_rock_bc_17,True,-13590.221,-75065.125,97.03859,-679511.0499999999,-3753256.25,4851.9295,0.0,0.0,88.80840667907604,True,Data\Materials\morrowind\tx_bc_rock_03.mat,
Seyda Neen,terrain_rock_bc_17,True,-14298.728,-75233.68,38.647964,-714936.3999999999,-3761683.9999999995,1932.3982,0.0,0.0,140.37460251127217,True,Data\Materials\morrowind\tx_bc_rock_03.mat,
Seyda Neen,terrain_rock_bc_14,True,-12942.958,-74420.72,285.6182,-647147.9,-3721036.0,14280.91,0.0,0.0,332.31545242094205,True,Data\Materials\morrowind\tx_bc_rock_03.mat,
Seyda Neen,terrain_rock_bc_17,True,-12320.663,-74748.77,135.24803,-616033.15,-3737438.5,6762.4015,0.0,0.0,11.459117514444191,True,Data\Materials\morrowind\tx_bc_rock_03.mat,
Seyda Neen,terrain_rock_bc_17,True,-11405.441,-75700.7,-1.054616,-570272.05,-3785035.0,-52.7308,0.0,0.0,94.53797890080632,True,Data\Materials\morrowind\tx_bc_rock_03.mat,
Seyda Neen,terrain_rock_bc_17,True,-12613.036,-73917.234,341.352,-630651.8,-3695861.6999999997,17067.6,0.0,0.0,94.53797890080632,True,Data\Materials\morrowind\tx_bc_rock_03.mat,
Seyda Neen,terrain_rock_bc_16,True,-13763.001,-73945.0,6.2953634,-688150.05,-3697250.0,314.76817,0.0,0.0,45.836603556943025,True,Data\Materials\morrowind\tx_bc_rock_03.mat,
Seyda Neen,terrain_rock_bc_18,True,-11182.829,-75752.15,19.37989,-559141.45,-3787607.4999999995,968.9945,0.0,0.0,179.5182826632748,True,Data\Materials\morrowind\tx_bc_rock_03.mat,
Seyda Neen,terrain_rock_bc_17,True,-11142.021,-75473.625,25.185953,-557101.05,-3773681.25,1259.29765,0.0,0.0,294.10983595986147,True,Data\Materials\morrowind\tx_bc_rock_03.mat,
Seyda Neen,terrain_rock_bc_17,True,-9929.735,-76220.66,232.31273,-496486.75,-3811033.0,11615.636499999999,0.0,0.0,114.59149027122923,True,Data\Materials\morrowind\tx_bc_rock_03.mat,
Seyda Neen,terrain_rock_bc_16,True,-10024.955,-75952.71,283.12585,-501247.75,-3797635.5000000005,14156.292500000001,0.0,0.0,146.10420911047018,True,Data\Materials\morrowind\tx_bc_rock_03.mat,
Seyda Neen,terrain_rock_bc_17,True,-10010.078,-75720.82,96.23682,-500503.89999999997,-3786041.0000000005,4811.840999999999,0.0,0.0,114.59149027122923,True,Data\Materials\morrowind\tx_bc_rock_03.mat,
Seyda Neen,terrain_rock_bc_18,True,-9877.186,-75919.84,113.773094,-493859.3,-3795992.0,5688.6547,0.0,0.0,268.32673517897445,True,Data\Materials\morrowind\tx_bc_rock_03.mat,
Seyda Neen,terrain_rock_bc_17,True,-12086.438,-74638.22,-45.71164,-604321.9,-3731911.0,-2285.5820000000003,0.0,0.0,191.94081553220218,True,Data\Materials\morrowind\tx_bc_rock_03.mat,
Seyda Neen,terrain_bc_scum_03,True,-13182.192,-74994.73,1.3606927,-659109.6,-3749736.5,68.034635,0.0,0.0,0.0,True,Data\Materials\morrowind\tx_bc_scum.mat,
Seyda Neen,flora_bc_tree_02,True,-10148.549,-75955.78,971.9085,-507427.45000000007,-3797789.0,48595.425,0.0,0.0,136.5467115890488,True,Data\Materials\morrowind\tx_bc_bark_02.mat,
Seyda Neen,flora_bc_mushroom_03,True,-10480.437,-75806.3,188.52623,-524021.85,-3790315.0,9426.3115,2.817452921493793e-05,0.0,261.63395787827176,True,Data\Materials\morrowind\tx_bc_mushroom_01.mat,
Seyda Neen,flora_bc_mushroom_04,True,-10489.563,-75876.54,202.67628,-524478.15,-3793826.9999999995,10133.814,2.817452921493793e-05,0.0,176.65352806508838,True,Data\Materials\morrowind\tx_bc_mushroom_01.mat,
Seyda Neen,flora_bc_fern_03,True,-10543.287,-76038.89,248.78282,-527164.35,-3801944.5,12439.141,354.27043882606563,17.188732708009105,10.495800708701763,True,Data\Materials\morrowind\tx_bc_fern_01.mat,
Seyda Neen,terrain_rock_bc_15,True,-10142.481,-75773.04,222.91075,-507124.05,-3788651.9999999995,11145.5375,0.0,0.0,318.9295884223274,True,Data\Materials\morrowind\tx_bc_rock_03.mat,
Seyda Neen,flora_bc_grass_01,True,-11342.628,-75326.43,64.296036,-567131.4,-3766321.4999999995,3214.8018,11.45918340459063,11.481607826776461,142.3028518637393,True,Data\Materials\morrowind\tx_bc_grassblade.mat,
Seyda Neen,flora_bc_knee_03,True,-13030.92,-74950.89,-12.364712,-651546.0,-3747544.5,-618.2356000000001,0.0,0.0,262.5973061966929,True,Data\Materials\morrowind\tx_bc_bark_01.mat,
Seyda Neen,flora_bc_tree_12,True,-13086.666,-74870.78,24.840319,-654333.2999999999,-3743539.0,1242.01595,0.0,0.0,33.41413944295106,True,Data\Materials\morrowind\tx_bc_bark_01.mat,
Seyda Neen,flora_bc_knee_01,True,-13248.515,-74948.26,-31.365156,-662425.75,-3747412.9999999995,-1568.2577999999999,0.0,0.0,27.68448643417167,True,Data\Materials\morrowind\tx_bc_bark_01.mat,
Seyda Neen,flora_bc_knee_02,True,-13193.763,-74861.25,-8.9555435,-659688.15,-3743062.5,-447.77717499999994,0.0,0.0,113.62822216689939,True,Data\Materials\morrowind\tx_bc_bark_01.mat,
Seyda Neen,Flora_BC_Lilypad,True,-13319.318,-74883.52,3.3606927,-665965.8999999999,-3744176.0,168.034635,0.0,0.0,249.1000019069253,True,,
Seyda Neen,flora_bc_lilypad_02,True,-13180.398,-75106.21,3.3606927,-659019.8999999999,-3755310.5000000005,168.034635,0.0,0.0,106.85776324833289,True,Data\Materials\morrowind\tx_bc_fern_stem.mat,
Seyda Neen,Flora_BC_Lilypad,True,-13197.884,-74920.586,3.3606927,-659894.2,-3746029.3,168.034635,0.0,0.0,293.9999999505349,True,,
Seyda Neen,flora_bc_lilypad_02,True,-13121.229,-74976.91,3.3606927,-656061.45,-3748845.5,168.034635,0.0,0.0,226.19999037366884,True,Data\Materials\morrowind\tx_bc_fern_stem.mat,
Seyda Neen,Flora_BC_Lilypad,True,-12994.385,-75012.91,3.3606927,-649719.25,-3750645.5,168.034635,0.0,0.0,305.44368599268284,True,,
Seyda Neen,flora_bc_grass_01,True,-13269.087,-74793.71,22.035248,-663454.35,-3739685.5000000005,1101.7624,359.95918780489285,0.0,131.7915457711857,True,Data\Materials\morrowind\tx_bc_grassblade.mat,
Seyda Neen,flora_bc_lilypad_02,True,-13233.147,-75019.87,3.3606927,-661657.3500000001,-3750993.5,168.034635,0.0,0.0,300.6999965194562,True,Data\Materials\morrowind\tx_bc_fern_stem.mat,
Seyda Neen,Flora_BC_Lilypad,True,-13129.001,-75179.13,3.3606927,-656450.05,-3758956.5,168.034635,0.0,0.0,93.44928460554439,True,,
Seyda Neen,flora_bc_grass_01,True,-11946.778,-74894.51,45.139183,-597338.9,-3744725.4999999995,2256.95915,359.95918780489285,0.0,143.25070740338012,True,Data\Materials\morrowind\tx_bc_grassblade.mat,
Seyda Neen,flora_bc_fern_03,True,-11873.446,-74788.016,58.409084,-593672.3,-3739400.8000000003,2920.4542,0.0,348.54086660433535,0.0,True,Data\Materials\morrowind\tx_bc_fern_01.mat,
Seyda Neen,flora_bc_podplant_01,True,-13080.527,-75129.234,-37.003616,-654026.35,-3756461.6999999997,-1850.1808,0.0,0.0,12.422561516817138,True,Data\Materials\morrowind\tx_bc_podplant_01.mat,
Seyda Neen,flora_bc_podplant_01,True,-13086.463,-75108.81,-23.752272,-654323.15,-3755440.5,-1187.6136000000001,0.0,0.0,0.0,True,Data\Materials\morrowind\tx_bc_podplant_01.mat,
Seyda Neen,flora_bc_podplant_01,True,-13115.521,-75116.125,-24.097664,-655776.05,-3755806.25,-1204.8832,0.0,0.0,206.2648119766743,True,Data\Materials\morrowind\tx_bc_podplant_01.mat,
Seyda Neen,flora_bc_podplant_03,True,-13099.302,-75127.4,22.82822,-654965.1,-3756369.9999999995,1141.411,0.0,0.0,137.50987083139756,True,Data\Materials\morrowind\tx_bc_podplant_01.mat,
Seyda Neen,Flora_BC_Lilypad,True,-13109.135,-75032.766,3.3606927,-655456.75,-3751638.3000000003,168.034635,0.0,0.0,219.4999995343255,True,,
Seyda Neen,flora_bc_grass_01,True,-13667.737,-75898.88,63.032894,-683386.85,-3794944.0,3151.6447,342.77047686927995,354.27043882606563,154.70983465810684,True,Data\Materials\morrowind\tx_bc_grassblade.mat,
Seyda Neen,flora_bc_tree_11,True,-13773.681,-75340.79,418.75574,-688684.05,-3767039.4999999995,20937.787,0.0,0.0,91.67324722093173,True,Data\Materials\morrowind\tx_bc_bark_03.mat,
Seyda Neen,flora_bc_shelffungus_01,True,-13782.657,-75417.41,360.35095,-689132.85,-3770870.5,18017.5475,0.0,0.0,348.54086660433535,True,Data\Materials\morrowind\tx_bc_fungusbottom_01.mat,
Seyda Neen,flora_bc_shelffungus_01,True,-13715.022,-75393.64,351.41898,-685751.1000000001,-3769682.0,17570.949,0.0,0.0,325.6225719878363,True,Data\Materials\morrowind\tx_bc_fungusbottom_01.mat,
Seyda Neen,flora_bc_shelffungus_01,True,-13782.308,-75411.59,388.2239,-689115.4,-3770579.5,19411.195,0.0,0.0,337.0817278904527,True,Data\Materials\morrowind\tx_bc_fungusbottom_01.mat,
Seyda Neen,flora_bc_shelffungus_01,True,-13791.375,-75417.16,372.6904,-689568.75,-3770858.0,18634.52,0.0,0.0,354.27043882606563,True,Data\Materials\morrowind\tx_bc_fungusbottom_01.mat,
Seyda Neen,flora_bc_shelffungus_01,True,-13788.846,-75420.055,408.89865,-689442.2999999999,-3771002.7499999995,20444.9325,0.0,0.0,0.0,True,Data\Materials\morrowind\tx_bc_fungusbottom_01.mat,
Seyda Neen,flora_bc_shelffungus_01,True,-13738.167,-75405.6,338.12115,-686908.35,-3770280.0000000005,16906.0575,0.0,0.0,342.81130584176094,True,Data\Materials\morrowind\tx_bc_fungusbottom_01.mat,
Seyda Neen,flora_bc_grass_01,True,-13326.769,-75139.35,31.572151,-666338.45,-3756967.5000000005,1578.6075500000002,17.147910611021626,348.54086660433535,131.7915457711857,True,Data\Materials\morrowind\tx_bc_grassblade.mat,
Seyda Neen,flora_bc_log_01,True,-13573.458,-75790.42,136.13823,-678672.9,-3789521.0,6806.911499999999,28.64785709794684,319.89293674074855,279.78596556610427,True,Data\Materials\morrowind\tx_bc_bark_02.mat,
Seyda Neen,flora_bc_grass_01,True,-13901.353,-75387.164,309.55804,-695067.6499999999,-3769358.2,15477.902,354.2296098535846,5.729577951308233,137.521117992916,True,Data\Materials\morrowind\tx_bc_grassblade.mat,
Seyda Neen,flora_bc_fern_02,True,-13748.467,-75526.22,280.02698,-687423.35,-3776311.0,14001.348999999998,342.81130584176094,348.54086660433535,0.0,True,Data\Materials\morrowind\tx_bc_fern_02.mat,
Seyda Neen,flora_bc_fern_03,True,-13909.348,-75603.81,261.58228,-695467.4,-3780190.5,13079.114000000001,342.81130584176094,0.0,0.0,True,Data\Materials\morrowind\tx_bc_fern_01.mat,
Seyda Neen,flora_bc_shelffungus_03,True,-13648.003,-75801.29,122.39636,-682400.15,-3790064.4999999995,6119.818,0.0,0.0,34.37746541601821,True,Data\Materials\morrowind\tx_bc_fungusbottom_02.mat,
Seyda Neen,flora_bc_shelffungus_03,True,-13714.993,-75768.336,200.24495,-685749.65,-3788416.8,10012.2475,0.0,0.0,22.91831065931734,True,Data\Materials\morrowind\tx_bc_fungusbottom_02.mat,
Seyda Neen,flora_bc_shelffungus_03,True,-13699.152,-75778.02,185.82263,-684957.6,-3788901.0,9291.1315,0.0,0.0,22.91831065931734,True,Data\Materials\morrowind\tx_bc_fungusbottom_02.mat,
Seyda Neen,flora_bc_shelffungus_03,True,-13708.535,-75773.88,165.18507,-685426.75,-3788694.0,8259.253499999999,0.0,0.0,34.37746541601821,True,Data\Materials\morrowind\tx_bc_fungusbottom_02.mat,
Seyda Neen,flora_bc_shelffungus_03,True,-13629.047,-75808.65,101.82162,-681452.35,-3790432.4999999995,5091.081,0.0,0.0,34.37746541601821,True,Data\Materials\morrowind\tx_bc_fungusbottom_02.mat,
Seyda Neen,flora_bc_grass_01,True,-13706.198,-75602.836,226.4165,-685309.9,-3780141.8,11320.825,5.688755281362956,342.81130584176094,137.521117992916,True,Data\Materials\morrowind\tx_bc_grassblade.mat,
Seyda Neen,flora_bc_grass_01,True,-13744.149,-75835.37,117.68295,-687207.45,-3791768.5,5884.1475,342.77047686927995,354.27043882606563,137.521117992916,True,Data\Materials\morrowind\tx_bc_grassblade.mat,
Seyda Neen,terrain_rock_bc_16,True,-12837.835,-74135.336,321.50922,-641891.75,-3706766.8,16075.461000000001,0.0,0.0,126.0507034696252,True,Data\Materials\morrowind\tx_bc_rock_03.mat,
Seyda Neen,terrain_rock_bc_18,True,-14269.555,-75579.21,57.91848,-713477.75,-3778960.5000000005,2895.924,348.54086660433535,0.0,2.8648164776282825,True,Data\Materials\morrowind\tx_bc_rock_03.mat,
Seyda Neen,terrain_rock_bc_17,True,-12530.458,-74723.0,264.94458,-626522.9,-3736150.0,13247.229,0.0,0.0,57.29574169786785,True,Data\Materials\morrowind\tx_bc_rock_03.mat,
Seyda Neen,terrain_rock_bc_17,True,-12225.1045,-74061.7,149.46706,-611255.225,-3703085.0,7473.353,0.0,0.0,358.09862195676453,True,Data\Materials\morrowind\tx_bc_rock_03.mat,
Seyda Neen,terrain_rock_bc_14,True,-13653.816,-74432.72,93.121544,-682690.8,-3721636.0,4656.0772,0.0,0.0,194.8056159670122,True,Data\Materials\morrowind\tx_bc_rock_03.mat,
Seyda Neen,flora_bc_fern_03,True,-13424.797,-74830.49,48.238346,-671239.85,-3741524.5000000005,2411.9173,0.0,348.54086660433535,331.3521499391445,True,Data\Materials\morrowind\tx_bc_fern_01.mat,
Seyda Neen,flora_bc_tree_13,True,-12102.341,-74924.11,12.372252,-605117.05,-3746205.5,618.6125999999999,0.0,0.0,268.3268211226437,True,Data\Materials\morrowind\tx_bc_bark_02.mat,
Seyda Neen,Misc_Imp_Silverware_Cup_01,False,-12060.981,-74939.15,131.00298,-603049.05,-3746957.4999999995,6550.149,274.0564277218417,0.0,211.07893515165637,True,,
Seyda Neen,Gold_025,True,-12069.689,-74935.12,120.42528,-603484.4500000001,-3746756.0,6021.264,0.0,0.0,0.0,True,Data\Materials\morrowind\tx_coinside_01.mat,
Seyda Neen,flora_bc_grass_01,True,-12851.337,-75239.305,64.27596,-642566.85,-3761965.2499999995,3213.798,11.418327503093238,5.729577951308233,154.7098633059966,True,Data\Materials\morrowind\tx_bc_grassblade.mat,
Seyda Neen,flora_bc_mushroom_07,True,-13839.182,-75684.945,179.50505,-691959.1000000001,-3784247.2500000005,8975.2525,0.0,0.0,171.88732708009107,True,Data\Materials\morrowind\tx_bc_mushroom_02.mat,
Seyda Neen,flora_bc_mushroom_07,True,-13825.496,-75693.234,188.39156,-691274.7999999999,-3784661.6999999997,9419.578,342.81130584176094,11.459155902616466,17.188733853924695,True,Data\Materials\morrowind\tx_bc_mushroom_02.mat,
Seyda Neen,terrain_rock_bc_18,True,-13838.257,-74154.04,41.250366,-691912.85,-3707701.9999999995,2062.5183,0.0,0.0,294.1098588781733,True,Data\Materials\morrowind\tx_bc_rock_03.mat,
Seyda Neen,terrain_rock_bc_17,True,-13768.183,-75167.03,233.73203,-688409.15,-3758351.5,11686.6015,0.0,0.0,48.701359301045024,True,Data\Materials\morrowind\tx_bc_rock_03.mat,
Seyda Neen,flora_bc_tree_08,True,-11731.338,-74138.45,319.0148,-586566.9,-3706922.5,15950.74,0.0,0.0,310.360523311598,True,Data\Materials\morrowind\tx_bc_bark_02.mat,
Seyda Neen,flora_bc_grass_01,True,-11921.055,-74171.414,121.02158,-596052.75,-3708570.7,6051.079,11.418332659713395,348.54086660433535,252.1126598303468,True,Data\Materials\morrowind\tx_bc_grassblade.mat,
Seyda Neen,flora_bc_fern_03,True,-11978.21,-74278.36,155.23973,-598910.5,-3713918.0,7761.986500000001,354.27043882606563,337.0817278904527,85.94353175975264,True,Data\Materials\morrowind\tx_bc_fern_01.mat,
Seyda Neen,flora_bc_grass_01,True,-11409.95,-74038.6,29.024435,-570497.5,-3701930.0000000005,1451.22175,359.95918780489285,5.729572508209179,212.00564281907893,True,Data\Materials\morrowind\tx_bc_grassblade.mat,
Seyda Neen,terrain_rock_bc_17,True,-10984.568,-74905.836,-102.355095,-549228.3999999999,-3745291.8,-5117.75475,0.0,0.0,105.9971462625787,True,Data\Materials\morrowind\tx_bc_rock_03.mat,
Seyda Neen,terrain_rock_bc_17,True,-11898.571,-74003.336,-49.51497,-594928.55,-3700166.8,-2475.7484999999997,0.0,0.0,100.2675740408484,True,Data\Materials\morrowind\tx_bc_rock_03.mat,
Seyda Neen,flora_bc_grass_01,True,-11018.371,-75958.51,151.61288,-550918.5499999999,-3797925.4999999995,7580.643999999999,337.0817450791866,11.481607826776461,107.92538415588992,True,Data\Materials\morrowind\tx_bc_grassblade.mat,
Seyda Neen,flora_bc_tree_06,True,-12512.954,-75615.1,570.5676,-625647.7,-3780755.0000000005,28528.379999999997,0.0,0.0,40.1070485239466,True,Data\Materials\morrowind\tx_bc_bark_01.mat,
Seyda Neen,flora_bc_knee_02,True,-12896.774,-75553.47,12.293842,-644838.7,-3777673.5,614.6921,0.0,0.0,314.1634275443757,True,Data\Materials\morrowind\tx_bc_bark_01.mat,
Seyda Neen,flora_bc_knee_03,True,-12281.521,-75782.9,-11.995016,-614076.05,-3789144.9999999995,-599.7508,0.0,0.0,279.7858337858114,True,Data\Materials\morrowind\tx_bc_bark_01.mat,
Seyda Neen,flora_bc_knee_02,True,-12377.226,-75784.02,-8.224818,-618861.3,-3789201.0,-411.24090000000007,0.0,0.0,354.2702440204153,True,Data\Materials\morrowind\tx_bc_bark_01.mat,
Seyda Neen,flora_bc_knee_03,True,-12775.488,-75525.07,6.0150347,-638774.4,-3776253.5000000005,300.751735,0.0,0.0,279.7858337858114,True,Data\Materials\morrowind\tx_bc_bark_01.mat,
Seyda Neen,terrain_rock_bc_15,True,-13621.364,-77186.84,97.92921,-681068.2,-3859342.0,4896.4605,354.27043882606563,0.0,342.81134594880666,True,Data\Materials\morrowind\tx_bc_rock_03.mat,
Seyda Neen,flora_bc_tree_10,True,-14012.247,-76823.01,422.48428,-700612.35,-3841150.4999999995,21124.214,0.0,0.0,176.65339055521756,True,Data\Materials\morrowind\tx_bc_bark_03.mat,
Seyda Neen,terrain_rock_bc_18,True,-14136.772,-77067.22,56.10548,-706838.6000000001,-3853361.0,2805.274,0.0,0.0,292.1760461055154,True,Data\Materials\morrowind\tx_bc_rock_03.mat,
Seyda Neen,flora_bc_fern_01,True,-13795.189,-76750.15,194.03821,-689759.4500000001,-3837507.4999999995,9701.9105,354.2704617443774,5.729577378350437,350.93667816551897,True,Data\Materials\morrowind\tx_bc_fern_02.mat,
Seyda Neen,flora_bc_grass_01,True,-14151.293,-76797.4,150.80135,-707564.65,-3839869.9999999995,7540.067500000001,0.0,359.9999823999061,57.295714768851475,True,Data\Materials\morrowind\tx_bc_grassblade.mat,
Seyda Neen,flora_bc_mushroom_01,True,-13617.655,-76940.05,110.19649,-680882.75,-3847002.5,5509.8245,0.0,0.0,165.2353214560899,True,Data\Materials\morrowind\tx_bc_mushroom_01.mat,
Seyda Neen,flora_bc_mushroom_04,True,-13660.757,-76915.15,110.742325,-683037.85,-3845757.4999999995,5537.11625,348.54086660433535,0.0,245.40850358783283,True,Data\Materials\morrowind\tx_bc_mushroom_01.mat,
Seyda Neen,flora_bc_mushroom_02,True,-13660.256,-76964.3,99.71979,-683012.7999999999,-3848215.0,4985.989500000001,11.459177675012679,0.0,216.76065966791526,True,Data\Materials\morrowind\tx_bc_mushroom_01.mat,
Seyda Neen,flora_bc_grass_01,True,-10972.685,-73978.31,65.571304,-548634.25,-3698915.5,3278.5652,342.7704195735004,342.81130584176094,297.9493006295465,True,Data\Materials\morrowind\tx_bc_grassblade.mat,
Seyda Neen,flora_bc_fern_02,True,-10662.597,-74223.98,43.88899,-533129.85,-3711199.0,2194.4495,354.27051904015696,2.7320756783004362e-05,148.96899235654635,True,Data\Materials\morrowind\tx_bc_fern_02.mat,
Seyda Neen,flora_bc_mushroom_02,True,-10072.456,-75141.93,34.463154,-503622.8,-3757096.4999999995,1723.1577000000002,5.729572508209179,0.0,172.850583725265,True,Data\Materials\morrowind\tx_bc_mushroom_01.mat,
Seyda Neen,flora_bc_mushroom_05,True,-10830.046,-75113.86,77.27861,-541502.3,-3755693.0,3863.9305,354.2704617443774,354.27043882606563,183.3465116305973,True,Data\Materials\morrowind\tx_bc_mushroom_01.mat,
Seyda Neen,flora_bc_mushroom_01,True,-10134.689,-75140.234,31.817785,-506734.45,-3757011.6999999997,1590.88925,11.459149027122923,5.729579097223822,297.9380534680281,True,Data\Materials\morrowind\tx_bc_mushroom_01.mat,
Seyda Neen,terrain_rock_bc_14,True,-10776.919,-74906.836,49.455273,-538845.95,-3745341.8,2472.76365,5.729572508209179,359.9999823999061,91.6731899251522,True,Data\Materials\morrowind\tx_bc_rock_03.mat,
Seyda Neen,terrain_rock_bc_17,True,-11315.775,-73880.54,-91.60808,-565788.75,-3694026.9999999995,-4580.404,0.0,0.0,169.0225094565472,True,Data\Materials\morrowind\tx_bc_rock_03.mat,
Seyda Neen,flora_bc_grass_01,True,-10366.085,-74757.16,21.128603,-518304.24999999994,-3737858.0,1056.43015,5.688700621189301,354.27043882606563,326.5971731973538,True,Data\Materials\morrowind\tx_bc_grassblade.mat,
Seyda Neen,flora_bc_grass_01,True,-11689.06,-74486.85,23.341997,-584453.0,-3724342.5000000005,1167.09985,359.9591305091133,342.81130584176094,280.76058396435565,True,Data\Materials\morrowind\tx_bc_grassblade.mat,
Seyda Neen,flora_bc_fern_03,True,-10982.093,-73804.81,78.165054,-549104.65,-3690240.5,3908.2527,0.0,0.0,0.0,True,Data\Materials\morrowind\tx_bc_fern_01.mat,
Seyda Neen,terrain_rock_bc_17,True,-10771.231,-73871.21,-41.787327,-538561.55,-3693560.5000000005,-2089.36635,0.0,0.0,191.94081553220218,True,Data\Materials\morrowind\tx_bc_rock_03.mat,
Seyda Neen,flora_bc_grass_01,True,-11643.187,-74043.74,47.337383,-582159.35,-3702187.0000000005,2366.86915,17.147910611021626,337.0817278904527,252.1126598303468,True,Data\Materials\morrowind\tx_bc_grassblade.mat,
Seyda Neen,flora_bc_fern_02,True,-11065.77,-75180.164,108.2226,-553288.5,-3759008.2,5411.13,5.7296326687776675,2.7320756783004362e-05,148.96899235654635,True,Data\Materials\morrowind\tx_bc_fern_02.mat,
Seyda Neen,flora_bc_fern_01,True,-10555.928,-73813.766,132.416,-527796.4,-3690688.3000000003,6620.8,354.2704617443774,348.54086660433535,314.1634275443757,True,Data\Materials\morrowind\tx_bc_fern_02.mat,
Seyda Neen,flora_bc_tree_12,True,-9744.228,-75244.62,46.874016,-487211.39999999997,-3762231.0,2343.7008,0.0,0.0,200.53523975494403,True,Data\Materials\morrowind\tx_bc_bark_01.mat,
Seyda Neen,flora_bc_knee_04,True,-9746.398,-75042.28,-39.377365,-487319.89999999997,-3752114.0,-1968.86825,0.0,0.0,0.0,True,Data\Materials\morrowind\tx_bc_bark_01.mat,
Seyda Neen,flora_bc_knee_03,True,-9729.084,-75122.234,-6.8204427,-486454.2,-3756111.6999999997,-341.022135,0.0,0.0,0.0,True,Data\Materials\morrowind\tx_bc_bark_01.mat,
Seyda Neen,flora_bc_knee_02,True,-9861.971,-74962.26,-7.976865,-493098.55,-3748112.9999999995,-398.84325,0.0,0.0,80.2140970478932,True,Data\Materials\morrowind\tx_bc_bark_01.mat,
Seyda Neen,flora_bc_knee_02,True,-9871.451,-75074.18,-10.9125185,-493572.54999999993,-3753708.9999999995,-545.6259249999999,0.0,0.0,0.0,True,Data\Materials\morrowind\tx_bc_bark_01.mat,
Seyda Neen,flora_bc_knee_01,True,-9788.1875,-75424.23,-26.42949,-489409.375,-3771211.5,-1321.4745,0.0,0.0,319.8929940365281,True,Data\Materials\morrowind\tx_bc_bark_01.mat,
Seyda Neen,flora_bc_knee_03,True,-9607.086,-75294.62,-8.145819,-480354.3,-3764731.0,-407.29094999999995,0.0,0.0,160.42815398874075,True,Data\Materials\morrowind\tx_bc_bark_01.mat,
Seyda Neen,flora_bc_knee_01,True,-9670.911,-75097.836,-26.42949,-483545.55,-3754891.8,-1321.4745,0.0,0.0,319.8929940365281,True,Data\Materials\morrowind\tx_bc_bark_01.mat,
Seyda Neen,terrain_rock_bc_17,True,-10530.325,-76349.85,49.2222,-526516.25,-3817492.5000000005,2461.11,0.0,0.0,117.45629070603925,True,Data\Materials\morrowind\tx_bc_rock_03.mat,
Seyda Neen,flora_bc_grass_01,True,-10789.186,-75063.64,87.79449,-539459.2999999999,-3753182.0,4389.7245,359.9591305091133,342.81130584176094,280.76058396435565,True,Data\Materials\morrowind\tx_bc_grassblade.mat,
Seyda Neen,flora_bc_fern_04,True,-10425.865,-74942.48,60.30003,-521293.25,-3747124.0,3015.0015,0.0,0.0,342.81130584176094,True,Data\Materials\morrowind\tx_bc_fern_01.mat,
Seyda Neen,flora_bc_grass_01,True,-10353.899,-75075.84,70.02853,-517694.94999999995,-3753792.0,3501.4265,5.688700621189301,354.27043882606563,315.1380172947373,True,Data\Materials\morrowind\tx_bc_grassblade.mat,
Seyda Neen,flora_bc_mushroom_02,True,-10862.934,-75160.22,77.45602,-543146.7,-3758011.0,3872.801,331.3521499391445,0.0,109.82522626087446,True,Data\Materials\morrowind\tx_bc_mushroom_01.mat,
Seyda Neen,flora_bc_mushroom_02,True,-10025.923,-75105.35,7.901828,-501296.15,-3755267.5000000005,395.0914,5.729572508209179,0.0,109.82522626087446,True,Data\Materials\morrowind\tx_bc_mushroom_01.mat,
Seyda Neen,flora_bc_mushroom_01,True,-10894.252,-75122.62,75.81463,-544712.6,-3756131.0,3790.7315,354.27043882606563,348.54086660433535,257.83103645676016,True,Data\Materials\morrowind\tx_bc_mushroom_01.mat,
Seyda Neen,terrain_rock_bc_17,True,-10169.232,-74956.25,-74.07866,-508461.6,-3747812.5,-3703.933,0.0,0.0,334.2168644302853,True,Data\Materials\morrowind\tx_bc_rock_03.mat,
Seyda Neen,terrain_rock_bc_17,True,-12767.482,-74589.68,245.72548,-638374.1,-3729483.9999999995,12286.274,0.0,0.0,94.53797890080632,True,Data\Materials\morrowind\tx_bc_rock_03.mat,
Seyda Neen,terrain_rock_bc_17,True,-12768.051,-75941.16,-94.40045,-638402.5499999999,-3797058.0,-4720.0225,0.0,0.0,151.8337641434666,True,Data\Materials\morrowind\tx_bc_rock_03.mat,
Seyda Neen,terrain_rock_bc_15,True,-13019.809,-76533.41,43.458427,-650990.45,-3826670.5,2172.92135,0.0,0.0,308.43385532264546,True,Data\Materials\morrowind\tx_bc_rock_03.mat,
Seyda Neen,flora_bc_fern_03,True,-12992.577,-76339.42,77.78465,-649628.85,-3816971.0,3889.2325,5.729577951308233,0.0,337.0817278904527,True,Data\Materials\morrowind\tx_bc_fern_01.mat,
Seyda Neen,flora_bc_grass_01,True,-13380.41,-77034.38,38.47497,-669020.5,-3851719.0,1923.7485,0.0,348.54086660433535,45.836562876939574,True,Data\Materials\morrowind\tx_bc_grassblade.mat,
Seyda Neen,flora_bc_fern_01,True,-12853.746,-76306.99,133.16441,-642687.2999999999,-3815349.5000000005,6658.2205,5.72954529271391,0.0,0.0,True,Data\Materials\morrowind\tx_bc_fern_02.mat,
Seyda Neen,flora_bc_grass_01,True,-12940.936,-76026.664,41.693398,-647046.7999999999,-3801333.2,2084.6699,2.7320756783004362e-05,11.459157048532054,28.647828450057084,True,Data\Materials\morrowind\tx_bc_grassblade.mat,
Seyda Neen,terrain_rock_bc_14,True,-11859.354,-74610.305,2.096087,-592967.7,-3730515.2499999995,104.80434999999999,0.0,0.0,320.8563079774815,True,Data\Materials\morrowind\tx_bc_rock_03.mat,
Seyda Neen,flora_bc_grass_01,True,-13000.633,-75123.305,5.6270723,-650031.65,-3756165.2499999995,281.353615,11.418327503093238,0.0,143.25070740338012,True,Data\Materials\morrowind\tx_bc_grassblade.mat,
Seyda Neen,terrain_rock_bc_17,True,-13487.791,-75607.055,79.32516,-674389.5499999999,-3780352.7499999995,3966.258,0.0,0.0,48.701359301045024,True,Data\Materials\morrowind\tx_bc_rock_03.mat,
Seyda Neen,terrain_rock_bc_17,True,-12874.149,-76504.68,-78.456406,-643707.45,-3825233.9999999995,-3922.8203,0.0,0.0,88.80840094949808,True,Data\Materials\morrowind\tx_bc_rock_03.mat,
Seyda Neen,flora_bc_grass_01,True,-12720.363,-76321.23,59.870335,-636018.15,-3816061.5,2993.51675,0.0,348.54086660433535,28.647828450057084,True,Data\Materials\morrowind\tx_bc_grassblade.mat,
Seyda Neen,flora_bc_tree_09,True,-12769.428,-76086.734,183.897,-638471.4,-3804336.6999999997,9194.85,11.459155902616466,354.27043882606563,177.6169164905552,True,Data\Materials\morrowind\tx_bc_bark_03.mat,
Seyda Neen,flora_bc_mushroom_01,True,-12716.525,-76091.38,36.278145,-635826.25,-3804569.0,1813.9072500000002,0.0,0.0,314.1634275443757,True,Data\Materials\morrowind\tx_bc_mushroom_01.mat,
Seyda Neen,flora_bc_mushroom_03,True,-12669.06,-76106.34,25.928707,-633453.0,-3805317.0,1296.43535,0.0,0.0,51.56620385360527,True,Data\Materials\morrowind\tx_bc_mushroom_01.mat,
Seyda Neen,flora_bc_mushroom_06,True,-12749.494,-76078.37,64.022736,-637474.7000000001,-3803918.5,3201.1367999999998,0.0,0.0,0.0,True,Data\Materials\morrowind\tx_bc_mushroom_02.mat,
Seyda Neen,flora_bc_mushroom_08,True,-12771.307,-76077.414,23.897816,-638565.3500000001,-3803870.7,1194.8908,22.918311805232932,354.27043882606563,108.86199253401232,True,Data\Materials\morrowind\tx_bc_mushroom_02.mat,
Seyda Neen,flora_bc_mushroom_07,True,-12766.28,-76099.58,22.036818,-638314.0,-3804979.0,1101.8409,0.0,0.0,0.0,True,Data\Materials\morrowind\tx_bc_mushroom_02.mat,
Seyda Neen,furn_firepit00,True,-12377.907,-74390.086,1155.6997,-618895.35,-3719504.3,57784.98499999999,0.0,0.0,0.0,True,Data\Materials\morrowind\tx_ashpile00.mat,
Seyda Neen,light_logpile10,True,-12390.561,-74374.914,1153.728,-619528.0499999999,-3718745.7,57686.4,0.0,0.0,339.94645957032736,True,Data\Materials\morrowind\tx_firealpha10.mat,
Seyda Neen,light_logpile10,True,-12355.813,-74392.14,1154.4971,-617790.65,-3719607.0,57724.855,0.0,0.0,134.60283767750846,True,Data\Materials\morrowind\tx_firealpha10.mat,
Seyda Neen,flora_bc_grass_01,True,-10915.397,-74178.58,42.78011,-545769.8500000001,-3708929.0,2139.0055,359.9591305091133,342.81130584176094,280.76058396435565,True,Data\Materials\morrowind\tx_bc_grassblade.mat,
Seyda Neen,flora_bc_grass_01,True,-11413.772,-74415.08,33.6914,-570688.6000000001,-3720754.0,1684.5700000000002,359.9591305091133,342.81130584176094,280.76058396435565,True,Data\Materials\morrowind\tx_bc_grassblade.mat,
Seyda Neen,Light_Fire,True,-12378.027,-74387.97,1145.0968,-618901.35,-3719398.5,57254.840000000004,0.0,0.0,0.0,True,Data\Materials\morrowind\tx_firealpha10.mat,
Seyda Neen,ex_shore_all_lev+0,False,-13857.957,-76386.99,98.39849,-692897.85,-3819349.5000000005,4919.9245,0.0,0.0,0.0,True,,
Seyda Neen,terrain_rock_bc_15,True,-11723.384,-81746.49,-831.2576,-586169.2,-4087324.5000000005,-41562.880000000005,0.0,0.0,233.94926747112507,True,Data\Materials\morrowind\tx_bc_rock_03.mat,
Seyda Neen,Flora_kelp_03,True,-12105.262,-79477.01,-760.7247,-605263.1,-3973850.4999999995,-38036.235,0.0,348.54086660433535,341.84770542190995,True,Data\Materials\morrowind\tx_kelp_02.mat,
Seyda Neen,Flora_kelp_04,True,-11994.085,-79396.55,-747.92004,-599704.25,-3969827.5,-37396.002,0.0,0.0,307.4477204727119,True,Data\Materials\morrowind\tx_kelp_02.mat,
Seyda Neen,Flora_kelp_03,True,-11907.595,-79282.086,-720.5058,-595379.75,-3964104.3,-36025.29,5.729577951308233,354.27043882606563,39.12531112509072,True,Data\Materials\morrowind\tx_kelp_02.mat,
Seyda Neen,Flora_kelp_02,True,-12268.344,-78901.81,-535.6093,-613417.2,-3945090.5,-26780.464999999997,0.0,0.0,318.9294279941447,True,Data\Materials\morrowind\tx_kelp_01.mat,
Seyda Neen,Flora_kelp_01,True,-12374.615,-78958.81,-566.5463,-618730.75,-3947940.5,-28327.315,0.0,0.0,50.60276443489469,True,Data\Materials\morrowind\tx_kelp_01.mat,
Seyda Neen,Flora_kelp_02,True,-12117.248,-78944.98,-582.3117,-605862.4,-3947249.0,-29115.585,0.0,0.0,318.9294279941447,True,Data\Materials\morrowind\tx_kelp_01.mat,
Seyda Neen,Flora_kelp_04,True,-12356.518,-79461.55,-804.5089,-617825.9,-3973077.5,-40225.445,0.0,11.459155902616466,39.14361712664515,True,Data\Materials\morrowind\tx_kelp_02.mat,
Seyda Neen,Flora_kelp_04,True,-12198.291,-79368.42,-756.8661,-609914.5499999999,-3968421.0,-37843.305,0.0,0.0,307.4702950098401,True,Data\Materials\morrowind\tx_kelp_02.mat,
Seyda Neen,Flora_kelp_02,True,-12091.934,-79156.625,-640.0101,-604596.7,-3957831.25,-32000.504999999997,0.0,0.0,318.9294279941447,True,Data\Materials\morrowind\tx_kelp_01.mat,
Seyda Neen,Flora_kelp_02,True,-12252.167,-79244.13,-661.7307,-612608.35,-3962206.5,-33086.534999999996,0.0,0.0,318.9294279941447,True,Data\Materials\morrowind\tx_kelp_01.mat,
Seyda Neen,Flora_kelp_02,True,-12376.162,-79163.95,-641.15643,-618808.1,-3958197.5,-32057.8215,0.0,0.0,318.9294279941447,True,Data\Materials\morrowind\tx_kelp_01.mat,
Seyda Neen,active_lookout_unique,False,-12090.088,-74375.47,1152.3308,-604504.4,-3718773.5,57616.54,0.0,0.0,0.0,True,,
"Seyda Neen, Arrille's Tradehouse",ex_nord_door_01,True,-272.38654,110.48692,240.0,-13619.327000000001,5524.346,12000.0,0.0,0.0,360.0000110477959,False,Data\Materials\morrowind\tx_hinge_01.mat,
"Seyda Neen, Arrille's Tradehouse",ex_nord_door_01,True,-335.491,-5771.6953,-295.66,-16774.55,-288584.765,-14783.000000000002,0.0,0.0,180.000002659109,False,Data\Materials\morrowind\tx_hinge_01.mat,
"Seyda Neen, Arrille's Tradehouse",in_c_door_arched,True,68.0,-100.0,384.0,3400.0,-5000.0,19200.0,0.0,0.0,180.000002659109,True,Data\Materials\morrowind\tx_imp_archdoor.mat,
"Seyda Neen, Arrille's Tradehouse",misc_com_metal_plate_04,True,-246.246,-320.856,438.706,-12312.300000000001,-16042.8,21935.3,0.0,0.0,315.79999554249764,True,Data\Materials\morrowind\tx_metal_pewter_02.mat,
"Seyda Neen, Arrille's Tradehouse",Misc_Com_Wood_Bowl_01,True,-229.70604,-303.88522,440.24344,-11485.302,-15194.261,22012.172000000002,0.0,0.0,74.48452482616293,True,Data\Materials\morrowind\tx_wood_interior_plain_01.mat,
"Seyda Neen, Arrille's Tradehouse",misc_com_wood_spoon_01,True,-213.12154,-310.01398,440.83914,-10656.077000000001,-15500.699,22041.957,0.0,0.0,245.40856088361235,True,Data\Materials\morrowind\tx_wood_interior_plain_01.mat,
"Seyda Neen, Arrille's Tradehouse",misc_com_metal_plate_05,True,-188.6768,-269.39722,439.40076,-9433.84,-13469.861,21970.038,0.0,0.0,11.459157048532054,True,Data\Materials\morrowind\tx_metal_pewter_03.mat,
"Seyda Neen, Arrille's Tradehouse",misc_com_wood_fork,True,-189.11485,-284.84302,438.8565,-9455.7425,-14242.151000000002,21942.825,0.0,0.0,188.1127699113741,True,Data\Materials\morrowind\tx_wood_interior_plain_01.mat,
"Seyda Neen, Arrille's Tradehouse",misc_com_wood_knife,True,-205.395,-264.466,438.533,-10269.75,-13223.300000000001,21926.65,0.0,0.0,119.39999273024105,True,Data\Materials\morrowind\tx_metal_pewter_01.mat,
"Seyda Neen, Arrille's Tradehouse",misc_com_wood_cup_01,True,-210.11586,-281.26266,444.08554,-10505.793,-14063.133,22204.277,0.0,0.0,28.64788975654116,True,Data\Materials\morrowind\tx_wood_interior_plain_01.mat,
"Seyda Neen, Arrille's Tradehouse",misc_com_wood_cup_02,True,-253.1017,-298.1204,443.22867,-12655.085,-14906.02,22161.433500000003,0.0,0.0,40.10703992957968,True,Data\Materials\morrowind\tx_wood_interior_plain_01.mat,
"Seyda Neen, Arrille's Tradehouse",misc_com_wood_fork,True,-261.68964,-315.4021,438.80774,-13084.482,-15770.105000000001,21940.387000000002,0.0,0.0,285.5155263286786,True,Data\Materials\morrowind\tx_wood_interior_plain_01.mat,
"Seyda Neen, Arrille's Tradehouse",misc_com_wood_knife,True,-231.24184,-324.98428,438.3645,-11562.092,-16249.214,21918.225000000002,0.0,0.0,274.056393344374,True,Data\Materials\morrowind\tx_metal_pewter_01.mat,
"Seyda Neen, Arrille's Tradehouse",misc_com_wood_spoon_01,True,-187.80083,-253.89627,438.25616,-9390.0415,-12694.8135,21912.808,0.0,0.0,171.88736718713673,True,Data\Materials\morrowind\tx_wood_interior_plain_01.mat,
"Seyda Neen, Arrille's Tradehouse",misc_com_redware_pitcher,False,-207.039,-299.348,454.718,-10351.949999999999,-14967.400000000001,22735.9,0.0,0.0,233.89999310074379,True,,
"Seyda Neen, Arrille's Tradehouse",com_cupboard_01_glasses,False,-623.3178,74.0876,530.8568,-31165.890000000003,3704.3799999999997,26542.84,0.0,0.0,270.0000297717642,True,,
"Seyda Neen, Arrille's Tradehouse",light_com_candle_07_64,False,-614.988,96.895,579.028,-30749.4,4844.75,28951.4,0.0,0.0,202.89999700363157,True,,
"Seyda Neen, Arrille's Tradehouse",misc_com_bottle_07,True,-616.7048,-15.941394,532.5084,-30835.239999999998,-797.0697,26625.420000000002,0.0,0.0,90.00000419434348,True,Data\Materials\morrowind\tx_cork_01.mat,
"Seyda Neen, Arrille's Tradehouse",Misc_Com_Pitcher_Metal_01,True,-613.565,-82.995,530.62244,-30678.250000000004,-4149.75,26531.122,0.0,0.0,62.2000003013487,True,Data\Materials\morrowind\tx_metal_pewter_04.mat,
"Seyda Neen, Arrille's Tradehouse",misc_com_redware_bowl_01,False,-613.6549,-57.74996,519.26843,-30682.745,-2887.498,25963.421499999997,0.0,0.0,0.0,True,,
"Seyda Neen, Arrille's Tradehouse",misc_com_tankard_01,True,-614.0717,-36.964645,523.7503,-30703.585,-1848.2322499999998,26187.515000000003,0.0,0.0,319.8929940365281,True,Data\Materials\morrowind\tx_metal_pewter_01.mat,
"Seyda Neen, Arrille's Tradehouse",misc_com_bucket_01,True,-600.12,75.436,399.835,-30006.0,3771.8,19991.75,0.0,0.0,314.199987981283,True,Data\Materials\morrowind\tx_metal_strip_02.mat,
"Seyda Neen, Arrille's Tradehouse",misc_com_broom_01,True,-593.8781,120.37863,449.75223,-29693.905000000002,6018.9315,22487.6115,11.459172518392522,0.0,0.0,True,Data\Materials\morrowind\tx_rope_heavy.mat,
"Seyda Neen, Arrille's Tradehouse",misc_com_bottle_09,True,-528.693,-114.007,465.362,-26434.649999999998,-5700.35,23268.100000000002,0.0,0.0,302.69999737660754,True,Data\Materials\morrowind\tx_glass_bottle_green.mat,
"Seyda Neen, Arrille's Tradehouse",Misc_Com_Bottle_08,True,-424.6562,-112.86439,466.5933,-21232.81,-5643.2195,23329.665,0.0,0.0,308.4338381339116,True,Data\Materials\morrowind\tx_cork_01.mat,
"Seyda Neen, Arrille's Tradehouse",misc_com_tankard_01,True,-560.246,-119.946,456.785,-28012.3,-5997.3,22839.25,0.0,0.0,319.8999841216286,True,Data\Materials\morrowind\tx_metal_pewter_01.mat,
"Seyda Neen, Arrille's Tradehouse",misc_com_tankard_01,True,-436.77,-127.176,456.785,-21838.5,-6358.8,22839.25,0.0,0.0,45.80000014820109,True,Data\Materials\morrowind\tx_metal_pewter_01.mat,
"Seyda Neen, Arrille's Tradehouse",misc_de_foldedcloth00,False,-398.202,-124.654,449.692,-19910.1,-6232.7,22484.6,0.0,0.0,325.59999745070814,True,,
"Seyda Neen, Arrille's Tradehouse",Light_Com_Candle_01_64,False,-241.99,-266.633,445.558,-12099.5,-13331.65,22277.9,0.0,0.0,205.29999688629763,True,,
"Seyda Neen, Arrille's Tradehouse",misc_com_tankard_01,True,-274.09018,-278.97238,445.11737,-13704.508999999998,-13948.618999999999,22255.8685,0.0,0.0,0.0,True,Data\Materials\morrowind\tx_metal_pewter_01.mat,
"Seyda Neen, Arrille's Tradehouse",misc_com_bottle_10,True,-229.38618,-245.64061,455.8997,-11469.309,-12282.0305,22794.985,0.0,0.0,51.56620156177409,True,Data\Materials\morrowind\tx_cork_01.mat,
"Seyda Neen, Arrille's Tradehouse",light_com_lamp_02,True,-593.59705,-574.00653,524.3732,-29679.852499999997,-28700.3265,26218.66,0.0,0.0,0.0,True,Data\Materials\morrowind\tx_firealpha01.mat,
"Seyda Neen, Arrille's Tradehouse",light_com_chandelier_01_128,False,-440.5298,-368.29895,580.3732,-22026.49,-18414.9475,29018.66,0.0,0.0,45.00000209717174,True,,
"Seyda Neen, Arrille's Tradehouse",light_com_chandelier_01_128,False,-321.92822,15.682,586.29913,-16096.411,784.1,29314.9565,0.0,0.0,45.00000209717174,True,,
"Seyda Neen, Arrille's Tradehouse",active_com_bed_02,False,49.49031,-488.92963,415.3,2474.5155,-24446.481499999998,20765.0,0.0,0.0,90.00000419434348,True,,
"Seyda Neen, Arrille's Tradehouse",light_com_lamp_01,True,-79.45597,-236.59058,521.4436,-3972.7985,-11829.528999999999,26072.179999999997,0.0,0.0,45.00000209717174,True,Data\Materials\morrowind\tx_firealpha01.mat,
"Seyda Neen, Arrille's Tradehouse",light_com_candle_09_64,False,82.996506,106.937996,447.217,4149.8252999999995,5346.8998,22360.85,0.0,0.0,359.20000153761066,True,,
"Seyda Neen, Arrille's Tradehouse",com_sack_01_chpfood5,False,57.93785,11.575224,134.76936,2896.8925,578.7612,6738.468000000001,0.0,0.0,0.0,True,,
"Seyda Neen, Arrille's Tradehouse",Com_Sack_02_Ingred,False,16.521,98.55,157.884,826.0500000000001,4927.5,7894.199999999999,0.0,0.0,331.39999191503796,True,,
"Seyda Neen, Arrille's Tradehouse",misc_com_bottle_10,True,81.275406,-400.33154,284.23,4063.7703,-20016.577,14211.5,0.0,0.0,22.918332431713555,True,Data\Materials\morrowind\tx_cork_01.mat,
"Seyda Neen, Arrille's Tradehouse",misc_com_bottle_10,True,85.43863,-429.98743,284.23,4271.931500000001,-21499.3715,14211.5,0.0,0.0,0.0,True,Data\Materials\morrowind\tx_cork_01.mat,
"Seyda Neen, Arrille's Tradehouse",misc_com_bottle_10,True,75.30573,-415.77963,284.23,3765.2864999999997,-20788.9815,14211.5,0.0,0.0,331.3521499391445,True,Data\Materials\morrowind\tx_cork_01.mat,
"Seyda Neen, Arrille's Tradehouse",misc_com_metal_goblet_01,True,82.890884,-337.5459,272.92587,4144.5442,-16877.295000000002,13646.293499999998,0.0,0.0,0.0,True,Data\Materials\morrowind\tx_metal_pewter_04.mat,
"Seyda Neen, Arrille's Tradehouse",misc_com_metal_goblet_01,True,88.03619,-356.27786,272.92587,4401.8095,-17813.893,13646.293499999998,0.0,0.0,0.0,True,Data\Materials\morrowind\tx_metal_pewter_04.mat,
"Seyda Neen, Arrille's Tradehouse",misc_com_metal_goblet_01,True,83.5557,-370.97235,272.92587,4177.785,-18548.6175,13646.293499999998,0.0,0.0,28.64788975654116,True,Data\Materials\morrowind\tx_metal_pewter_04.mat,
"Seyda Neen, Arrille's Tradehouse",misc_com_metal_goblet_01,True,83.4237,-348.0782,272.92587,4171.1849999999995,-17403.91,13646.293499999998,0.0,0.0,28.64788975654116,True,Data\Materials\morrowind\tx_metal_pewter_04.mat,
"Seyda Neen, Arrille's Tradehouse",misc_com_metal_goblet_01,True,76.02131,-360.2272,272.92587,3801.0655,-18011.36,13646.293499999998,0.0,0.0,28.64788975654116,True,Data\Materials\morrowind\tx_metal_pewter_04.mat,
"Seyda Neen, Arrille's Tradehouse",misc_com_redware_flask,False,80.983444,-311.75812,278.2859,4049.1722000000004,-15587.906,13914.295000000002,0.0,0.0,0.0,True,,
"Seyda Neen, Arrille's Tradehouse",potion_cyro_brandy_01,True,76.76835,-324.14227,234.15405,3838.4175,-16207.1135,11707.702500000001,0.0,0.0,0.0,True,Data\Materials\morrowind\tx_bottle_10.mat,
"Seyda Neen, Arrille's Tradehouse",potion_cyro_brandy_01,True,83.25349,-312.96927,234.15405,4162.6745,-15648.4635,11707.702500000001,0.0,0.0,0.0,True,Data\Materials\morrowind\tx_bottle_10.mat,
"Seyda Neen, Arrille's Tradehouse",Potion_Local_Brew_01,True,79.03976,-426.03714,235.29024,3951.9880000000003,-21301.857,11764.512,0.0,0.0,337.08169351298505,True,Data\Materials\morrowind\tx_cork_01.mat,
"Seyda Neen, Arrille's Tradehouse",Potion_Local_Brew_01,True,77.10793,-344.8646,235.29024,3855.3965,-17243.23,11764.512,0.0,0.0,0.0,True,Data\Materials\morrowind\tx_cork_01.mat,
"Seyda Neen, Arrille's Tradehouse",Potion_Local_Brew_01,True,86.51715,-364.33566,235.29024,4325.8575,-18216.783,11764.512,0.0,0.0,308.4338381339116,True,Data\Materials\morrowind\tx_cork_01.mat,
"Seyda Neen, Arrille's Tradehouse",Potion_Local_Brew_01,True,77.68673,-381.6097,235.29024,3884.3365,-19080.485,11764.512,0.0,0.0,337.1000052441174,True,Data\Materials\morrowind\tx_cork_01.mat,
"Seyda Neen, Arrille's Tradehouse",misc_com_wood_bowl_02,True,80.92,-339.496,184.266,4046.0,-16974.8,9213.3,0.0,0.0,0.0,True,Data\Materials\morrowind\tx_wood_khaki_01.mat,
"Seyda Neen, Arrille's Tradehouse",misc_com_wood_bowl_02,True,81.94157,-315.51355,184.26617,4097.0785,-15775.6775,9213.3085,0.0,0.0,0.0,True,Data\Materials\morrowind\tx_wood_khaki_01.mat,
"Seyda Neen, Arrille's Tradehouse",misc_com_tankard_01,True,75.627884,-403.6955,188.71542,3781.3941999999997,-20184.774999999998,9435.771,0.0,0.0,280.7492966957916,True,Data\Materials\morrowind\tx_metal_pewter_01.mat,
"Seyda Neen, Arrille's Tradehouse",misc_com_tankard_01,True,88.76827,-432.3029,188.71542,4438.4135,-21615.145,9435.771,0.0,0.0,143.2394487827058,True,Data\Materials\morrowind\tx_metal_pewter_01.mat,
"Seyda Neen, Arrille's Tradehouse",misc_com_tankard_01,True,76.39417,-418.99332,188.71542,3819.7085,-20949.665999999997,9435.771,0.0,0.0,103.13242031228204,True,Data\Materials\morrowind\tx_metal_pewter_01.mat,
"Seyda Neen, Arrille's Tradehouse",misc_com_tankard_01,True,73.708694,-430.96884,188.71542,3685.4347,-21548.442,9435.771,0.0,0.0,160.42818263663048,True,Data\Materials\morrowind\tx_metal_pewter_01.mat,
"Seyda Neen, Arrille's Tradehouse",misc_com_tankard_01,True,86.83348,-409.58777,188.71542,4341.674,-20479.388499999997,9435.771,0.0,0.0,120.32115989578467,True,Data\Materials\morrowind\tx_metal_pewter_01.mat,
"Seyda Neen, Arrille's Tradehouse",misc_com_redware_pitcher,False,81.75833,-373.27005,198.41782,4087.9165000000003,-18663.502500000002,9920.891,0.0,0.0,0.0,True,,
"Seyda Neen, Arrille's Tradehouse",misc_com_redware_bowl_01,False,81.39183,-382.58322,144.17285,4069.5915,-19129.161,7208.642500000001,0.0,0.0,331.3521499391445,True,,
"Seyda Neen, Arrille's Tradehouse",misc_com_redware_bowl_01,False,82.786224,-424.5569,144.17285,4139.3112,-21227.844999999998,7208.642500000001,0.0,0.0,0.0,True,,
"Seyda Neen, Arrille's Tradehouse",misc_com_redware_bowl_01,False,72.382126,-403.69464,144.17285,3619.1063,-20184.732,7208.642500000001,0.0,0.0,74.48451909658498,True,,
"Seyda Neen, Arrille's Tradehouse",potion_local_liquor_01,True,73.12182,-350.4108,153.3571,3656.091,-17520.54,7667.8550000000005,0.0,0.0,0.0,True,Data\Materials\morrowind\tx_crock_02.mat,
"Seyda Neen, Arrille's Tradehouse",potion_local_liquor_01,True,81.231186,-315.30334,153.3571,4061.5593,-15765.167,7667.8550000000005,0.0,0.0,0.0,True,Data\Materials\morrowind\tx_crock_02.mat,
"Seyda Neen, Arrille's Tradehouse",potion_local_liquor_01,True,86.64248,-332.4576,153.3571,4332.124000000001,-16622.88,7667.8550000000005,0.0,0.0,0.0,True,Data\Materials\morrowind\tx_crock_02.mat,
"Seyda Neen, Arrille's Tradehouse",Com_Sack_02_Ingred,False,69.664,-49.852,150.06818,3483.2000000000003,-2492.6,7503.409000000001,0.0,0.0,0.0,True,,
"Seyda Neen, Arrille's Tradehouse",com_sack_02_chpfood3,False,-435.94308,-5516.468,-381.505,-21797.154000000002,-275823.39999999997,-19075.25,0.0,0.0,258.50001051919907,True,,
"Seyda Neen, Arrille's Tradehouse",Com_Sack_02_Gold_05,False,-440.48685,-5468.8,-377.09024,-22024.3425,-273440.0,-18854.512,0.0,0.0,160.42822274367617,True,,
"Seyda Neen, Arrille's Tradehouse",Com_Sack_02_Ingred,False,-441.6821,-5609.49,-381.5054,-22084.105,-280474.5,-19075.27,0.0,0.0,148.00568987474878,True,,
"Seyda Neen, Arrille's Tradehouse",com_sack_02_msugar2,False,-24.193945,-5531.8936,-318.042,-1209.69725,-276594.68,-15902.099999999999,0.0,0.0,291.20001250151006,True,,
"Seyda Neen, Arrille's Tradehouse",Com_Sack_02_Ingred,False,-432.37198,-5566.29,-374.54,-21618.599000000002,-278314.5,-18727.0,0.0,0.0,0.0,True,,
"Seyda Neen, Arrille's Tradehouse",com_sack_03_ingredients,False,-188.64331,-5552.0576,-370.05682,-9432.165500000001,-277602.88,-18502.841,0.0,0.0,182.3831919600659,True,,
"Seyda Neen, Arrille's Tradehouse",com_sack_01_saltrice_10,False,-230.69351,-5603.8926,-398.3014,-11534.6755,-280194.63,-19915.07,0.0,0.0,11.459157048532054,True,,
"Seyda Neen, Arrille's Tradehouse",com_sack_01_ingred,False,-227.46002,-5601.252,-383.673,-11373.001,-280062.60000000003,-19183.65,0.0,0.0,0.0,True,,
"Seyda Neen, Arrille's Tradehouse",light_com_lantern_02,True,-439.462,-5550.1455,-235.308,-21973.1,-277507.27499999997,-11765.4,0.0,0.0,90.00000419434348,True,Data\Materials\morrowind\tx_firealpha01.mat,
"Seyda Neen, Arrille's Tradehouse",in_c_stair_plain_tall_01,True,-256.0,-496.0,128.0,-12800.0,-24800.0,6400.0,0.0,0.0,270.0000011238745,True,Data\Materials\morrowind\tx_carvedwood_beam_01.mat,
"Seyda Neen, Arrille's Tradehouse",in_c_plain_room_corner,True,0.0,-496.0,128.0,0.0,-24800.0,6400.0,0.0,0.0,180.000002659109,True,Data\Materials\morrowind\tx_carvedwood_beam_01.mat,
"Seyda Neen, Arrille's Tradehouse",in_c_plain_room_side,True,-256.0,-240.0,384.0,-12800.0,-12000.0,19200.0,0.0,0.0,180.000002659109,True,Data\Materials\morrowind\tx_carvedwood_beam_01.mat,
"Seyda Neen, Arrille's Tradehouse",in_c_plain_room_corner,True,0.0,16.0,128.0,0.0,800.0,6400.0,0.0,0.0,90.00000419434348,True,Data\Materials\morrowind\tx_carvedwood_beam_01.mat,
"Seyda Neen, Arrille's Tradehouse",in_c_plain_endcap,True,0.0,-496.0,384.0,0.0,-24800.0,19200.0,0.0,0.0,270.0000011238745,True,Data\Materials\morrowind\tx_carvedwood_detail_knots.mat,
"Seyda Neen, Arrille's Tradehouse",in_c_plain_room_side,True,0.0,-240.0,128.0,0.0,-12000.0,6400.0,0.0,0.0,180.000002659109,True,Data\Materials\morrowind\tx_carvedwood_beam_01.mat,
"Seyda Neen, Arrille's Tradehouse",in_c_plain_room_corner,True,-256.0,16.0,128.0,-12800.0,800.0,6400.0,0.0,0.0,0.0,True,Data\Materials\morrowind\tx_carvedwood_beam_01.mat,
"Seyda Neen, Arrille's Tradehouse",in_c_plain_room_side,True,-512.0,-240.0,384.0,-25600.0,-12000.0,19200.0,0.0,0.0,0.0,True,Data\Materials\morrowind\tx_carvedwood_beam_01.mat,
"Seyda Neen, Arrille's Tradehouse",in_c_plain_room_corner,True,-512.0,16.0,384.0,-25600.0,800.0,19200.0,0.0,0.0,0.0,True,Data\Materials\morrowind\tx_carvedwood_beam_01.mat,
"Seyda Neen, Arrille's Tradehouse",in_c_plain_room_side,True,-256.0,16.0,384.0,-12800.0,800.0,19200.0,0.0,0.0,90.00000419434348,True,Data\Materials\morrowind\tx_carvedwood_beam_01.mat,
"Seyda Neen, Arrille's Tradehouse",in_c_plain_room_corner,True,0.0,16.0,384.0,0.0,800.0,19200.0,0.0,0.0,90.00000419434348,True,Data\Materials\morrowind\tx_carvedwood_beam_01.mat,
"Seyda Neen, Arrille's Tradehouse",in_c_railing_01,True,-264.0,-376.0,432.0,-13200.0,-18800.0,21600.0,0.0,0.0,0.0,True,Data\Materials\morrowind\tx_wood_interior_plain.mat,
"Seyda Neen, Arrille's Tradehouse",in_c_pillar_wood,True,-128.0,-368.0,128.0,-6400.0,-18400.0,6400.0,0.0,0.0,0.0,True,Data\Materials\morrowind\tx_wood_interior_plain.mat,
"Seyda Neen, Arrille's Tradehouse",in_c_pillar_wood,True,-128.0,-112.0,384.0,-6400.0,-5600.0,19200.0,0.0,0.0,0.0,True,Data\Materials\morrowind\tx_wood_interior_plain.mat,
"Seyda Neen, Arrille's Tradehouse",in_nord_doorf_02,True,-256.0,126.38593,128.0,-12800.0,6319.2965,6400.0,0.0,0.0,180.000002659109,True,Data\Materials\morrowind\tx_wood_interior_plain.mat,
"Seyda Neen, Arrille's Tradehouse",in_c_stone_corner,True,-95.49067,-5419.6963,-407.6602,-4774.5335,-270984.815,-20383.01,0.0,0.0,270.0000011238745,True,Data\Materials\morrowind\tx_common_stone_floor.mat,
"Seyda Neen, Arrille's Tradehouse",in_c_stone_corner,True,-95.49067,-5675.6963,-407.6602,-4774.5335,-283784.815,-20383.01,0.0,0.0,0.0,True,Data\Materials\morrowind\tx_common_stone_floor.mat,
"Seyda Neen, Arrille's Tradehouse",in_c_stone_corner,True,-351.49057,-5675.6963,-407.6602,-17574.5285,-283784.815,-20383.01,0.0,0.0,90.00000419434348,True,Data\Materials\morrowind\tx_common_stone_floor.mat,
"Seyda Neen, Arrille's Tradehouse",in_c_stone_corner,True,-351.49057,-5419.6963,-407.6602,-17574.5285,-270984.815,-20383.01,0.0,0.0,180.000002659109,True,Data\Materials\morrowind\tx_common_stone_floor.mat,
"Seyda Neen, Arrille's Tradehouse",in_nord_doorf_01,True,-351.49057,-5787.6953,-311.66013,-17574.5285,-289384.765,-15583.0065,0.0,0.0,0.0,True,Data\Materials\morrowind\tx_wood_brown_posts_02.mat,
"Seyda Neen, Arrille's Tradehouse",in_c_plain_hall_small,True,0.0,-240.0,384.0,0.0,-12000.0,19200.0,0.0,0.0,180.000002659109,True,Data\Materials\morrowind\tx_carvedwood_detail_knots.mat,
"Seyda Neen, Arrille's Tradehouse",in_c_djamb_plain_arched,True,0.0,-112.0,384.0,0.0,-5600.0,19200.0,0.0,0.0,0.0,True,Data\Materials\morrowind\tx_carvedwood_beam_01.mat,
"Seyda Neen, Arrille's Tradehouse",furn_com_rm_table_03,False,-236.87212,-274.50842,410.39145,-11843.606,-13725.421,20519.572500000002,0.0,0.0,11.459157048532054,True,,
"Seyda Neen, Arrille's Tradehouse",furn_com_rm_chair_03,False,-222.20665,-214.30878,418.3914,-11110.3325,-10715.439,20919.57,0.0,0.0,17.195728522687656,True,,
"Seyda Neen, Arrille's Tradehouse",furn_com_rm_chair_03,False,-253.46736,-342.9283,418.3914,-12673.368,-17146.414999999997,20919.57,0.0,0.0,193.85915271481355,True,,
"Seyda Neen, Arrille's Tradehouse",furn_com_rm_chair_03,False,-298.46075,-266.00095,418.3914,-14923.0375,-13300.047499999999,20919.57,0.0,0.0,279.7929957582505,True,,
"Seyda Neen, Arrille's Tradehouse",furn_com_rm_chair_03,False,-174.70805,-275.1565,418.3914,-8735.4025,-13757.824999999999,20919.57,0.0,0.0,91.68026595392206,True,,
"Seyda Neen, Arrille's Tradehouse",Furn_Com_RM_Bar_02,False,-389.8285,-53.219875,416.66904,-19491.425,-2660.99375,20833.452,0.0,0.0,180.000002659109,True,,
"Seyda Neen, Arrille's Tradehouse",Furn_Com_RM_Bar_03,False,-389.8285,-117.21979,416.66904,-19491.425,-5860.989500000001,20833.452,0.0,0.0,180.000002659109,True,,
"Seyda Neen, Arrille's Tradehouse",Furn_Com_RM_Bar_01,False,-453.829,-117.21996,416.669,-22691.45,-5860.998,20833.45,0.0,0.0,180.000002659109,True,,
"Seyda Neen, Arrille's Tradehouse",Furn_Com_RM_Bar_01,False,-517.8288,-117.21979,416.66904,-25891.44,-5860.989500000001,20833.452,0.0,0.0,180.000002659109,True,,
"Seyda Neen, Arrille's Tradehouse",furn_com_rm_barstool,False,-551.69025,-178.24722,406.31372,-27584.5125,-8912.361,20315.685999999998,0.0,0.0,0.0,True,,
"Seyda Neen, Arrille's Tradehouse",furn_com_rm_barstool,False,-481.48398,-178.24722,406.31372,-24074.199,-8912.361,20315.685999999998,0.0,0.0,0.0,True,,
"Seyda Neen, Arrille's Tradehouse",furn_com_rm_barstool,False,-412.92166,-170.23308,406.31372,-20646.083,-8511.654,20315.685999999998,0.0,0.0,0.0,True,,
"Seyda Neen, Arrille's Tradehouse",furn_com_rm_shelf_01,False,-615.0128,-46.108185,495.6575,-30750.64,-2305.40925,24782.875,0.0,0.0,270.0000011238745,True,,
"Seyda Neen, Arrille's Tradehouse",furn_com_tapestry_03,True,-113.1832,-497.68167,589.8874,-5659.16,-24884.0835,29494.37,0.0,0.0,90.00000419434348,True,Data\Materials\morrowind\tx_fabric_tapestry_03.mat,
"Seyda Neen, Arrille's Tradehouse",furn_com_rm_chair_03,False,-40.44274,-577.04285,420.42426,-2022.137,-28852.1425,21021.213,0.0,0.0,191.45911845467978,True,,
"Seyda Neen, Arrille's Tradehouse",furn_com_rm_table_05,False,69.75822,90.05561,410.1742,3487.9109999999996,4502.7805,20508.71,0.0,0.0,0.0,True,,
"Seyda Neen, Arrille's Tradehouse",Furn_Com_RM_Bar_04,False,-581.829,-117.21996,416.669,-29091.449999999997,-5860.998,20833.45,0.0,0.0,90.00000419434348,True,,
"Seyda Neen, Arrille's Tradehouse",Furn_Com_RM_Bar_04,False,-199.05116,-192.0,160.0,-9952.558,-9600.0,8000.0,0.0,0.0,270.0000011238745,True,,
"Seyda Neen, Arrille's Tradehouse",Furn_Com_RM_Bar_02,False,-327.05118,-192.0,160.0,-16352.559,-9600.0,8000.0,0.0,0.0,90.00000419434348,True,,
"Seyda Neen, Arrille's Tradehouse",furn_com_rm_bookshelf_02,False,82.05469,-370.81305,219.24316,4102.7345,-18540.6525,10962.158,0.0,0.0,90.00000419434348,True,,
"Seyda Neen, Arrille's Tradehouse",furn_com_rm_table_04,False,20.1692,17.443346,157.04865,1008.46,872.1673,7852.432500000001,0.0,0.0,45.00000209717174,True,,
"Seyda Neen, Arrille's Tradehouse",furn_com_rm_shelf_01,False,106.815025,-46.41667,235.72354,5340.75125,-2320.8335,11786.177000000001,0.0,0.0,90.00000419434348,True,,
"Seyda Neen, Arrille's Tradehouse",furn_com_tapestry_01,True,-256.136,-352.64282,333.46835,-12806.800000000001,-17632.141,16673.4175,0.0,0.0,0.0,True,Data\Materials\morrowind\tx_fabric_tapestry.mat,
"Seyda Neen, Arrille's Tradehouse",Furn_Com_Kegstand,True,-56.022808,-5368.244,-344.72452,-2801.1403999999998,-268412.2,-17236.226,0.0,0.0,0.0,True,Data\Materials\morrowind\tx_metal_iron_rusty.mat,
"Seyda Neen, Arrille's Tradehouse",Furn_Com_Kegstand,True,-383.58725,-5368.244,-344.72452,-19179.3625,-268412.2,-17236.226,0.0,0.0,0.0,True,Data\Materials\morrowind\tx_metal_iron_rusty.mat,
"Seyda Neen, Arrille's Tradehouse",Furn_Com_Kegstand,True,-270.61063,-5368.244,-344.72452,-13530.531500000001,-268412.2,-17236.226,0.0,0.0,0.0,True,Data\Materials\morrowind\tx_metal_iron_rusty.mat,
"Seyda Neen, Arrille's Tradehouse",Furn_Com_Kegstand,True,-163.4762,-5368.244,-344.72452,-8173.81,-268412.2,-17236.226,0.0,0.0,0.0,True,Data\Materials\morrowind\tx_metal_iron_rusty.mat,
"Seyda Neen, Arrille's Tradehouse",ex_nord_win_01,True,118.6158,-238.32555,276.53183,5930.79,-11916.2775,13826.5915,0.0,0.0,90.00000419434348,True,Data\Materials\morrowind\tx_hinge_01.mat,
"Seyda Neen, Arrille's Tradehouse",ex_nord_win_01,True,-255.49934,140.79878,517.3023,-12774.966999999999,7039.938999999999,25865.114999999998,0.0,0.0,0.0,True,Data\Materials\morrowind\tx_hinge_01.mat,
"Seyda Neen, Arrille's Tradehouse",ex_nord_win_01,True,118.6158,-495.74142,276.53183,5930.79,-24787.071,13826.5915,0.0,0.0,90.00000419434348,True,Data\Materials\morrowind\tx_hinge_01.mat,
"Seyda Neen, Arrille's Tradehouse",ex_nord_win_01,True,0.11033323,139.67194,276.53183,5.5166615000000006,6983.597000000001,13826.5915,0.0,0.0,0.0,True,Data\Materials\morrowind\tx_hinge_01.mat,
"Seyda Neen, Arrille's Tradehouse",ex_nord_win_01,True,-379.37946,-242.66844,276.53183,-18968.972999999998,-12133.422,13826.5915,0.0,0.0,270.0000011238745,True,Data\Materials\morrowind\tx_hinge_01.mat,
"Seyda Neen, Arrille's Tradehouse",ex_nord_win_01,True,-379.37946,16.008648,276.53183,-18968.972999999998,800.4324,13826.5915,0.0,0.0,270.0000011238745,True,Data\Materials\morrowind\tx_hinge_01.mat,
"Seyda Neen, Arrille's Tradehouse",ex_nord_win_01,True,-1.7900636,140.79878,517.3023,-89.50318,7039.938999999999,25865.114999999998,0.0,0.0,0.0,True,Data\Materials\morrowind\tx_hinge_01.mat,
"Seyda Neen, Arrille's Tradehouse",ex_nord_win_01,True,124.000694,-240.57356,517.3023,6200.0347,-12028.678,25865.114999999998,0.0,0.0,90.00000419434348,True,Data\Materials\morrowind\tx_hinge_01.mat,
"Seyda Neen, Arrille's Tradehouse",ex_nord_win_01,True,124.000694,-497.12448,517.3023,6200.0347,-24856.224000000002,25865.114999999998,0.0,0.0,90.00000419434348,True,Data\Materials\morrowind\tx_hinge_01.mat,
"Seyda Neen, Arrille's Tradehouse",in_c_plain_room_corner,True,-512.0,-496.0,384.0,-25600.0,-24800.0,19200.0,0.0,0.0,270.0000011238745,True,Data\Materials\morrowind\tx_carvedwood_beam_01.mat,
"Seyda Neen, Arrille's Tradehouse",in_nord_fireplace_01,True,-96.308784,-5784.9287,-137.78688,-4815.4392,-289246.435,-6889.344,0.0,0.0,270.0000011238745,True,Data\Materials\morrowind\tx_metal_strip_01.mat,
"Seyda Neen, Arrille's Tradehouse",in_nord_fireplace_01,True,52.90325,-621.7488,607.71545,2645.1625,-31087.44,30385.772500000003,180.000002659109,0.0,90.00000419434348,True,Data\Materials\morrowind\tx_metal_strip_01.mat,
"Seyda Neen, Arrille's Tradehouse",in_nord_fireplace_01,True,46.589767,-622.3662,150.6373,2329.48835,-31118.31,7531.865000000001,0.0,0.0,270.0000011238745,True,Data\Materials\morrowind\tx_metal_strip_01.mat,
"Seyda Neen, Arrille's Tradehouse",furn_com_lantern_hook,True,-448.9413,-5547.6562,-238.7829,-22447.065000000002,-277382.81,-11939.145,0.0,0.0,270.0000011238745,True,Data\Materials\morrowind\tx_metal_strip_02.mat,
"Seyda Neen, Arrille's Tradehouse",misc_uni_pillow_01,False,49.476,-557.935,440.424,2473.8,-27896.749999999996,22021.199999999997,0.0,0.0,77.49999597235849,True,,
"Seyda Neen, Arrille's Tradehouse",furn_com_tapestry_03,True,-112.29632,-238.93645,589.8874,-5614.816,-11946.8225,29494.37,0.0,0.0,90.00000419434348,True,Data\Materials\morrowind\tx_fabric_tapestry_03.mat,
"Seyda Neen, Arrille's Tradehouse",furn_com_tapestry_02,True,-511.1242,127.589165,582.367,-25556.21,6379.45825,29118.35,0.0,0.0,180.000002659109,True,Data\Materials\morrowind\tx_fabric_tapestry_01.mat,
"Seyda Neen, Arrille's Tradehouse",furn_com_tapestry_02,True,-623.4421,-496.18677,582.367,-31172.105,-24809.3385,29118.35,0.0,0.0,90.00000419434348,True,Data\Materials\morrowind\tx_fabric_tapestry_01.mat,
"Seyda Neen, Arrille's Tradehouse",furn_com_tapestry_02,True,-513.61694,-608.0729,582.367,-25680.847,-30403.645,29118.35,0.0,0.0,360.0000110477959,True,Data\Materials\morrowind\tx_fabric_tapestry_01.mat,
"Seyda Neen, Arrille's Tradehouse",furn_com_tapestry_02,True,-623.4421,-239.20174,582.367,-31172.105,-11960.087,29118.35,0.0,0.0,90.00000419434348,True,Data\Materials\morrowind\tx_fabric_tapestry_01.mat,
"Seyda Neen, Arrille's Tradehouse",furn_com_tapestry_02,True,112.12797,14.934644,582.367,5606.3985,746.7322,29118.35,0.0,0.0,270.0000011238745,True,Data\Materials\morrowind\tx_fabric_tapestry_01.mat,
"Seyda Neen, Arrille's Tradehouse",furn_com_tapestry_02,True,-144.17827,-497.1339,582.367,-7208.9135,-24856.695,29118.35,0.0,0.0,270.0000011238745,True,Data\Materials\morrowind\tx_fabric_tapestry_01.mat,
"Seyda Neen, Arrille's Tradehouse",furn_com_tapestry_02,True,-255.12807,-608.0729,582.367,-12756.4035,-30403.645,29118.35,0.0,0.0,360.0000110477959,True,Data\Materials\morrowind\tx_fabric_tapestry_01.mat,
"Seyda Neen, Arrille's Tradehouse",furn_com_tapestry_02,True,-144.17827,-239.44014,582.367,-7208.9135,-11972.007000000001,29118.35,0.0,0.0,270.0000011238745,True,Data\Materials\morrowind\tx_fabric_tapestry_01.mat,
"Seyda Neen, Arrille's Tradehouse",Misc_Com_Wood_Bowl_05,True,59.63,81.258,443.456,2981.5,4062.8999999999996,22172.8,0.0,0.0,50.69999823751736,True,Data\Materials\morrowind\tx_wood_cherry.mat,
"Seyda Neen, Arrille's Tradehouse",Light_Com_Candle_01_64,False,-465.152,-110.267,457.311,-23257.6,-5513.349999999999,22865.55,0.0,0.0,205.29999688629763,True,,
"Seyda Neen, Arrille's Tradehouse",misc_imp_silverware_plate_03,False,113.49106,-55.519215,270.11456,5674.553,-2775.96075,13505.728,0.0,63.0253631939685,318.92968009557455,True,,
"Seyda Neen, Arrille's Tradehouse",com_basket_arille's,False,82.079,-143.233,174.183,4103.95,-7161.650000000001,8709.15,0.0,0.0,62.99999835237806,True,,
"Seyda Neen, Arrille's Tradehouse",com_basket_01_ingredien,False,67.673,-259.957,168.543,3383.65,-12997.85,8427.15,0.0,0.0,143.1999949089331,True,,
"Seyda Neen, Arrille's Tradehouse",com_basket_01_ingredien,False,61.096,-201.597,168.543,3054.7999999999997,-10079.85,8427.15,0.0,0.0,51.60000034210886,True,,
"Seyda Neen, Arrille's Tradehouse",furn_com_pm_stool_02,False,-339.23218,-327.88702,148.92508,-16961.609,-16394.351,7446.254000000001,0.0,0.0,40.10704565915762,True,,
"Seyda Neen, Arrille's Tradehouse",furn_de_rug_big_06,False,-188.52135,-65.42334,125.96683,-9426.067500000001,-3271.167,6298.3415,0.0,0.0,180.000002659109,True,,
"Seyda Neen, Arrille's Tradehouse",furn_de_rug_big_06,False,-25.634874,-364.12503,126.85554,-1281.7437,-18206.2515,6342.777,0.0,0.0,91.67325295050966,True,,
"Seyda Neen, Arrille's Tradehouse",Furn_Com_RM_Bar_01,False,-263.05118,-192.0,160.0,-13152.559,-9600.0,8000.0,0.0,0.0,0.0,True,,
"Seyda Neen, Arrille's Tradehouse",Misc_Com_Bottle_14,True,-328.744,-178.753,209.924,-16437.2,-8937.65,10496.2,0.0,0.0,131.80000262824183,True,Data\Materials\morrowind\tx_cork_01.mat,
"Seyda Neen, Arrille's Tradehouse",misc_com_metal_goblet_01,True,-323.5916,-196.97466,199.5943,-16179.580000000002,-9848.733,9979.715,0.0,0.0,0.0,True,Data\Materials\morrowind\tx_metal_pewter_04.mat,
"Seyda Neen, Arrille's Tradehouse",Misc_Com_Pitcher_Metal_01,True,-341.38315,-195.01825,206.98862,-17069.1575,-9750.9125,10349.431,0.0,0.0,126.05076076540473,True,Data\Materials\morrowind\tx_metal_pewter_04.mat,
"Seyda Neen, Arrille's Tradehouse",com_chest_01_misc01,False,54.54,-361.291,400.671,2727.0,-18064.55,20033.55,0.0,0.0,176.70000067185143,True,,
"Seyda Neen, Arrille's Tradehouse",flora_bc_fern_02,True,-147.14938,81.47687,166.68837,-7357.469,4073.8435000000004,8334.4185,0.0,0.0,279.78600567314993,True,Data\Materials\morrowind\tx_bc_fern_02.mat,
"Seyda Neen, Arrille's Tradehouse",flora_bc_fern_02,True,-320.55106,-111.80131,166.57785,-16027.553,-5590.0655,8328.8925,0.0,0.0,279.78600567314993,True,Data\Materials\morrowind\tx_bc_fern_02.mat,
"Seyda Neen, Arrille's Tradehouse",Light_Com_Candle_01_64,False,82.45677,-405.41794,230.7498,4122.8385,-20270.897,11537.49,0.0,0.0,228.21981557053175,True,,
"Seyda Neen, Arrille's Tradehouse",Furn_Com_Planter,True,-322.4017,-112.1342,140.90692,-16120.085000000001,-5606.71,7045.3460000000005,0.0,0.0,0.0,True,Data\Materials\morrowind\tx_bc_bank.mat,
"Seyda Neen, Arrille's Tradehouse",Furn_Com_Planter,True,-149.63515,83.55511,140.90692,-7481.757500000001,4177.7555,7045.3460000000005,0.0,0.0,0.0,True,Data\Materials\morrowind\tx_bc_bank.mat,
"Seyda Neen, Arrille's Tradehouse",Com_Sack_02_Gold_05,False,-409.62625,-5491.3125,-388.83307,-20481.3125,-274565.625,-19441.6535,0.0,0.0,325.6225719878363,True,,
"Seyda Neen, Arrille's Tradehouse",light_com_chandelier_01_128,False,-254.84264,-177.62192,331.02966,-12742.132,-8881.096,16551.483,0.0,0.0,314.9999917618903,True,,
"Seyda Neen, Arrille's Tradehouse",light_com_lamp_01,True,-84.45906,-571.20844,521.4436,-4222.9529999999995,-28560.422,26072.179999999997,0.0,0.0,0.0,True,Data\Materials\morrowind\tx_firealpha01.mat,
"Seyda Neen, Arrille's Tradehouse",light_com_lantern_02_128,False,-48.957386,-5480.565,-308.49738,-2447.8693,-274028.25,-15424.869,0.0,0.0,112.91832172915434,True,,
"Seyda Neen, Arrille's Tradehouse",light_com_lamp_02,True,94.172165,103.182304,268.37323,4708.60825,5159.1152,13418.661499999998,0.0,0.0,45.00000209717174,True,Data\Materials\morrowind\tx_firealpha01.mat,
"Seyda Neen, Arrille's Tradehouse",light_com_chandelier_01_128,False,-254.84264,47.803013,331.02966,-12742.132,2390.15065,16551.483,0.0,0.0,314.9999917618903,True,,
"Seyda Neen, Arrille's Tradehouse",light_com_candle_07_64,False,-190.84404,-200.85954,214.21933,-9542.202000000001,-10042.977,10710.9665,0.0,0.0,12.295765956754687,True,,
"Seyda Neen, Arrille's Tradehouse",in_c_plain_room_corner,True,-256.0,-240.0,128.0,-12800.0,-12000.0,6400.0,0.0,0.0,270.0000011238745,True,Data\Materials\morrowind\tx_carvedwood_beam_01.mat,
"Seyda Neen, Census and Excise Office",ex_nord_door_01,True,-176.0,-145.14055,306.80164,-8800.0,-7257.027499999999,15340.082,0.0,0.0,270.0000011238745,False,Data\Materials\morrowind\tx_hinge_01.mat,
"Seyda Neen, Census and Excise Office",ex_nord_door_01,True,1151.4413,-260.26938,302.7736,57572.064999999995,-13013.469000000001,15138.68,0.0,0.0,0.0,False,Data\Materials\morrowind\tx_hinge_01.mat,
"Seyda Neen, Census and Excise Office",in_c_plain_room_corner,True,192.0,-384.0,192.0,9600.0,-19200.0,9600.0,0.0,0.0,180.000002659109,True,Data\Materials\morrowind\tx_carvedwood_beam_01.mat,
"Seyda Neen, Census and Excise Office",in_c_plain_room_corner,True,-64.0,128.0,192.0,-3200.0,6400.0,9600.0,0.0,0.0,0.0,True,Data\Materials\morrowind\tx_carvedwood_beam_01.mat,
"Seyda Neen, Census and Excise Office",in_c_plain_room_corner,True,1424.0,-368.0,192.0,71200.0,-18400.0,9600.0,0.0,0.0,90.00000419434348,True,Data\Materials\morrowind\tx_carvedwood_beam_01.mat,
"Seyda Neen, Census and Excise Office",in_c_plain_hall_small,True,192.0,640.0,192.0,9600.0,32000.0,9600.0,0.0,0.0,0.0,True,Data\Materials\morrowind\tx_carvedwood_detail_knots.mat,
"Seyda Neen, Census and Excise Office",in_c_plain_hall_small,True,192.0,384.0,192.0,9600.0,19200.0,9600.0,0.0,0.0,0.0,True,Data\Materials\morrowind\tx_carvedwood_detail_knots.mat,
"Seyda Neen, Census and Excise Office",in_c_plain_room_side,True,192.0,128.0,192.0,9600.0,6400.0,9600.0,0.0,0.0,180.000002659109,True,Data\Materials\morrowind\tx_carvedwood_beam_01.mat,
"Seyda Neen, Census and Excise Office",in_c_pillar_wood,True,64.0,256.0,192.0,3200.0,12800.0,9600.0,0.0,0.0,0.0,True,Data\Materials\morrowind\tx_wood_interior_plain.mat,
"Seyda Neen, Census and Excise Office",in_c_pillar_wood,True,320.0,768.0,192.0,16000.0,38400.0,9600.0,0.0,0.0,0.0,True,Data\Materials\morrowind\tx_wood_interior_plain.mat,
"Seyda Neen, Census and Excise Office",in_c_plain_room_corner,True,704.0,640.0,192.0,35200.0,32000.0,9600.0,0.0,0.0,180.000002659109,True,Data\Materials\morrowind\tx_carvedwood_beam_01.mat,
"Seyda Neen, Census and Excise Office",in_c_plain_room_corner,True,448.0,640.0,192.0,22400.0,32000.0,9600.0,0.0,0.0,270.0000011238745,True,Data\Materials\morrowind\tx_carvedwood_beam_01.mat,
"Seyda Neen, Census and Excise Office",in_c_djamb_plain_square,True,192.0,256.0,192.0,9600.0,12800.0,9600.0,0.0,0.0,180.000002659109,True,Data\Materials\morrowind\tx_carvedwood_detail_knots.mat,
"Seyda Neen, Census and Excise Office",in_c_plain_room_corner,True,-64.0,-384.0,192.0,-3200.0,-19200.0,9600.0,0.0,0.0,270.0000011238745,True,Data\Materials\morrowind\tx_carvedwood_beam_01.mat,
"Seyda Neen, Census and Excise Office",in_c_plain_room_corner,True,1424.0,-624.0004,192.0,71200.0,-31200.02,9600.0,0.0,0.0,180.000002659109,True,Data\Materials\morrowind\tx_carvedwood_beam_01.mat,
"Seyda Neen, Census and Excise Office",in_nord_fireplace_01,True,-48.003784,-495.94476,464.4063,-2400.1892000000003,-24797.237999999998,23220.315,0.0,0.0,270.0000011238745,True,Data\Materials\morrowind\tx_metal_strip_01.mat,
"Seyda Neen, Census and Excise Office",in_c_plain_room_side,True,192.0,-128.0,192.0,9600.0,-6400.0,9600.0,0.0,0.0,180.000002659109,True,Data\Materials\morrowind\tx_carvedwood_beam_01.mat,
"Seyda Neen, Census and Excise Office",furn_com_coatofarms_01,True,299.17456,-0.24523544,319.81433,14958.728,-12.261772,15990.716499999999,0.0,0.0,90.00000419434348,True,Data\Materials\morrowind\tx_wood_brown_shield.mat,
"Seyda Neen, Census and Excise Office",furn_com_r_table_01,False,200.42757,-196.48296,226.7231,10021.3785,-9824.148,11336.154999999999,0.0,0.0,180.000002659109,True,,
"Seyda Neen, Census and Excise Office",furn_com_coatofarms_01,True,299.17456,-255.51575,319.81433,14958.728,-12775.7875,15990.716499999999,0.0,0.0,90.00000419434348,True,Data\Materials\morrowind\tx_wood_brown_shield.mat,
"Seyda Neen, Census and Excise Office",furn_com_r_chair_01,False,220.92397,-287.85068,236.95192,11046.1985,-14392.534,11847.596,0.0,0.0,135.00000056193724,True,,
"Seyda Neen, Census and Excise Office",furn_com_rm_bench_02,False,1080.0581,-494.20123,209.80594,54002.905,-24710.0615,10490.297,0.0,0.0,270.0000011238745,True,,
"Seyda Neen, Census and Excise Office",furn_com_rm_table_05,False,-147.17726,199.13431,219.74495,-7358.862999999999,9956.7155,10987.2475,0.0,0.0,0.0,True,,
"Seyda Neen, Census and Excise Office",furn_com_rm_shelf_01,False,-167.80106,65.86841,305.5153,-8390.053,3293.4204999999997,15275.765000000001,0.0,0.0,270.0000297717642,True,,
"Seyda Neen, Census and Excise Office",misc_com_bucket_01,True,62.86047,-465.38297,206.94522,3143.0235,-23269.1485,10347.261,0.0,0.0,120.32115989578467,True,Data\Materials\morrowind\tx_metal_strip_02.mat,
"Seyda Neen, Census and Excise Office",misc_com_broom_01,True,29.313063,-457.50073,251.65154,1465.65315,-22875.0365,12582.577000000001,0.0,10.62253209749116,90.00000419434348,True,Data\Materials\morrowind\tx_rope_heavy.mat,
"Seyda Neen, Census and Excise Office",misc_com_redware_vase,False,-166.38275,25.156723,345.12082,-8319.137499999999,1257.83615,17256.040999999997,0.0,0.0,180.00001984784282,True,,
"Seyda Neen, Census and Excise Office",light_com_candle_02_64,False,234.24619,-170.0302,278.25,11712.309500000001,-8501.51,13912.5,0.0,0.0,0.0,True,,
"Seyda Neen, Census and Excise Office",misc_com_metal_goblet_01,True,209.97414,-200.88597,268.0173,10498.707,-10044.298499999999,13400.864999999998,0.0,0.0,0.0,True,Data\Materials\morrowind\tx_metal_pewter_04.mat,
"Seyda Neen, Census and Excise Office",misc_com_bottle_09,True,224.305,-212.041,277.116,11215.25,-10602.05,13855.8,0.0,0.0,34.35915597671701,True,Data\Materials\morrowind\tx_glass_bottle_green.mat,
"Seyda Neen, Census and Excise Office",furn_com_r_bookshelf_01,False,193.0481,-471.3176,285.87744,9652.405,-23565.88,14293.872,0.0,0.0,180.000002659109,True,,
"Seyda Neen, Census and Excise Office",Misc_Com_Bottle_14,True,160.87439,-463.41275,345.26505,8043.7195,-23170.6375,17263.2525,0.0,0.0,353.43384596066124,True,Data\Materials\morrowind\tx_cork_01.mat,
"Seyda Neen, Census and Excise Office",Misc_Com_Bottle_14,True,134.18481,-476.07227,345.26505,6709.2405,-23803.6135,17263.2525,0.0,0.0,89.99999846476551,True,Data\Materials\morrowind\tx_cork_01.mat,
"Seyda Neen, Census and Excise Office",Misc_Com_Bottle_14,True,143.13165,-463.9599,345.26505,7156.5825,-23197.995,17263.2525,0.0,0.0,45.00000209717174,True,Data\Materials\morrowind\tx_cork_01.mat,
"Seyda Neen, Census and Excise Office",Misc_Com_Bottle_14,True,150.48892,-476.95557,345.26505,7524.446,-23847.7785,17263.2525,0.0,0.0,353.43384596066124,True,Data\Materials\morrowind\tx_cork_01.mat,
"Seyda Neen, Census and Excise Office",misc_com_metal_goblet_01,True,254.34317,-468.1359,334.93527,12717.1585,-23406.795,16746.7635,0.0,0.0,21.263365612874388,True,Data\Materials\morrowind\tx_metal_pewter_04.mat,
"Seyda Neen, Census and Excise Office",misc_com_metal_goblet_01,True,222.8736,-471.64713,334.9351,11143.68,-23582.3565,16746.754999999997,0.0,0.0,89.99999846476551,True,Data\Materials\morrowind\tx_metal_pewter_04.mat,
"Seyda Neen, Census and Excise Office",misc_com_metal_goblet_01,True,231.84164,-477.5511,334.9351,11592.082,-23877.555,16746.754999999997,0.0,0.0,89.99999846476551,True,Data\Materials\morrowind\tx_metal_pewter_04.mat,
"Seyda Neen, Census and Excise Office",misc_com_metal_goblet_01,True,233.09933,-466.2988,334.9351,11654.9665,-23314.940000000002,16746.754999999997,0.0,0.0,89.99999846476551,True,Data\Materials\morrowind\tx_metal_pewter_04.mat,
"Seyda Neen, Census and Excise Office",misc_com_metal_goblet_01,True,243.35838,-476.6087,334.9351,12167.919,-23830.435,16746.754999999997,0.0,0.0,67.08170384826644,True,Data\Materials\morrowind\tx_metal_pewter_04.mat,
"Seyda Neen, Census and Excise Office",misc_com_metal_goblet_01,True,243.83064,-463.9047,334.9351,12191.532,-23195.235,16746.754999999997,0.0,0.0,67.08170384826644,True,Data\Materials\morrowind\tx_metal_pewter_04.mat,
"Seyda Neen, Census and Excise Office",Misc_Com_Pitcher_Metal_01,True,178.89352,-470.64545,342.3294,8944.676,-23532.2725,17116.47,0.0,0.0,193.1324245066255,True,Data\Materials\morrowind\tx_metal_pewter_04.mat,
"Seyda Neen, Census and Excise Office",misc_com_redware_bowl,False,142.0291,-473.6654,292.10544,7101.455,-23683.27,14605.271999999999,0.0,0.0,89.99999846476551,True,,
"Seyda Neen, Census and Excise Office",misc_lw_platter,True,191.06314,-483.02103,300.6223,9553.157000000001,-24151.0515,15031.115,67.91831390240466,0.0,0.0,True,Data\Materials\morrowind\tx_limeware_platter.mat,
"Seyda Neen, Census and Excise Office",misc_com_redware_vase,False,227.13649,-471.9156,261.4849,11356.8245,-23595.78,13074.244999999999,0.0,0.0,118.64788822130667,True,,
"Seyda Neen, Census and Excise Office",misc_com_redware_bowl_01,False,163.60593,-468.7451,245.49033,8180.2965,-23437.254999999997,12274.5165,0.0,0.0,89.99999846476551,True,,
"Seyda Neen, Census and Excise Office",misc_com_redware_bowl_01,False,204.15387,-473.4646,245.49033,10207.693500000001,-23673.23,12274.5165,0.0,0.0,89.99999846476551,True,,
"Seyda Neen, Census and Excise Office",misc_com_redware_bowl_01,False,183.24146,-470.2018,245.49033,9162.073,-23510.09,12274.5165,0.0,0.0,55.6225571129747,True,,
"Seyda Neen, Census and Excise Office",misc_com_bottle_07,True,251.72409,-471.78244,302.25882,12586.2045,-23589.122,15112.941,0.0,0.0,32.70425046436193,True,Data\Materials\morrowind\tx_cork_01.mat,
"Seyda Neen, Census and Excise Office",misc_com_tankard_01,True,165.0214,-462.4504,212.73695,8251.07,-23122.52,10636.8475,0.0,0.0,68.50158493784784,True,Data\Materials\morrowind\tx_metal_pewter_01.mat,
"Seyda Neen, Census and Excise Office",misc_com_tankard_01,True,132.04663,-479.33206,212.73695,6602.331499999999,-23966.603,10636.8475,0.0,0.0,172.59723897699203,True,Data\Materials\morrowind\tx_metal_pewter_01.mat,
"Seyda Neen, Census and Excise Office",misc_com_tankard_01,True,131.87245,-465.4453,212.73695,6593.6224999999995,-23272.265,10636.8475,0.0,0.0,247.08171223695336,True,Data\Materials\morrowind\tx_metal_pewter_01.mat,
"Seyda Neen, Census and Excise Office",misc_com_tankard_01,True,145.6562,-477.94086,212.73695,7282.81,-23897.042999999998,10636.8475,0.0,0.0,63.735303738759214,True,Data\Materials\morrowind\tx_metal_pewter_01.mat,
"Seyda Neen, Census and Excise Office",misc_com_tankard_01,True,146.2877,-464.687,212.73695,7314.385,-23234.350000000002,10636.8475,0.0,0.0,188.8226531603853,True,Data\Materials\morrowind\tx_metal_pewter_01.mat,
"Seyda Neen, Census and Excise Office",misc_com_tankard_01,True,159.31418,-479.01184,212.73695,7965.709,-23950.592,10636.8475,0.0,0.0,331.09878800213767,True,Data\Materials\morrowind\tx_metal_pewter_01.mat,
"Seyda Neen, Census and Excise Office",misc_com_redware_pitcher,False,141.80276,-470.01566,259.67462,7090.138,-23500.783000000003,12983.731,0.0,0.0,89.99999846476551,True,,
"Seyda Neen, Census and Excise Office",misc_com_bottle_07,True,201.15977,-471.4769,221.49498,10057.988500000001,-23573.845,11074.749,0.0,0.0,221.7802856152769,True,Data\Materials\morrowind\tx_cork_01.mat,
"Seyda Neen, Census and Excise Office",misc_com_bottle_07,True,246.33975,-469.07953,221.49498,12316.987500000001,-23453.976499999997,11074.749,0.0,0.0,135.8366449935432,True,Data\Materials\morrowind\tx_cork_01.mat,
"Seyda Neen, Census and Excise Office",light_com_candle_03_64,False,-158.444,210.883,255.81,-7922.2,10544.15,12790.5,0.0,0.0,0.0,True,,
"Seyda Neen, Census and Excise Office",Misc_Com_Wood_Bowl_01,True,-131.62889,186.70271,249.856,-6581.4445000000005,9335.1355,12492.8,0.0,0.0,0.0,True,Data\Materials\morrowind\tx_wood_interior_plain_01.mat,
"Seyda Neen, Census and Excise Office",furn_com_rm_table_04,False,578.0534,686.3934,221.04868,28902.670000000002,34319.670000000006,11052.434,0.0,0.0,0.0,True,,
"Seyda Neen, Census and Excise Office",furn_com_rm_chair_03,False,555.4464,651.9902,228.42424,27772.320000000003,32599.51,11421.212,0.0,0.0,170.92400740955966,True,,
"Seyda Neen, Census and Excise Office",furn_com_rm_chair_03,False,658.27167,706.13104,228.42424,32913.5835,35306.551999999996,11421.212,0.0,0.0,63.0253517348126,True,,
"Seyda Neen, Census and Excise Office",misc_imp_silverware_cup,False,557.2823,695.64105,255.42723,27864.114999999998,34782.0525,12771.3615,0.0,0.0,348.54086660433535,True,,
"Seyda Neen, Census and Excise Office",misc_imp_silverware_plate_01,False,580.2399,704.106,251.124,29011.995000000003,35205.3,12556.199999999999,0.0,0.0,354.27043882606563,True,,
"Seyda Neen, Census and Excise Office",Misc_Imp_Silverware_Bowl,False,597.20966,685.90265,253.05365,29860.483,34295.1325,12652.6825,0.0,0.0,353.43382877192744,True,,
"Seyda Neen, Census and Excise Office",misc_com_silverware_fork,True,595.76215,708.031,250.62218,29788.107500000002,35401.549999999996,12531.108999999999,0.0,0.0,80.2140970478932,True,Data\Materials\morrowind\tx_metal_silver.mat,
"Seyda Neen, Census and Excise Office",misc_com_silverware_knife,True,558.5713,710.8136,250.4844,27928.565,35540.68,12524.22,0.0,0.0,103.13240885312614,True,Data\Materials\morrowind\tx_metal_silver.mat,
"Seyda Neen, Census and Excise Office",furn_com_tapestry_03,True,704.89526,1016.0048,394.29297,35244.763,50800.240000000005,19714.648500000003,0.0,0.0,180.000002659109,True,Data\Materials\morrowind\tx_fabric_tapestry_03.mat,
"Seyda Neen, Census and Excise Office",furn_com_tapestry_03,True,336.2272,639.77136,394.29297,16811.36,31988.568,19714.648500000003,0.0,0.0,90.00000419434348,True,Data\Materials\morrowind\tx_fabric_tapestry_03.mat,
"Seyda Neen, Census and Excise Office",furn_com_rm_bench_02,False,376.0724,625.84094,210.80344,18803.620000000003,31292.047000000002,10540.172,0.0,0.0,270.0000011238745,True,,
"Seyda Neen, Census and Excise Office",furn_com_rm_bench_02,False,782.9243,643.535,210.80344,39146.215000000004,32176.75,10540.172,0.0,0.0,270.0000011238745,True,,
"Seyda Neen, Census and Excise Office",light_com_lamp_01,True,703.07166,991.4379,329.44354,35153.583,49571.895000000004,16472.177,0.0,0.0,45.00000209717174,True,Data\Materials\morrowind\tx_firealpha01.mat,
"Seyda Neen, Census and Excise Office",furn_com_r_bookshelf_01,False,435.285,981.364,284.751,21764.25,49068.200000000004,14237.55,0.0,0.0,0.0,True,,
"Seyda Neen, Census and Excise Office",Misc_Com_Bottle_08,True,460.14862,980.59766,302.18246,23007.431,49029.883,15109.123,0.0,0.0,166.86765529610582,True,Data\Materials\morrowind\tx_cork_01.mat,
"Seyda Neen, Census and Excise Office",Misc_Com_Bottle_08,True,493.82727,986.8711,302.18246,24691.3635,49343.555,15109.123,0.0,0.0,270.0000297717642,True,Data\Materials\morrowind\tx_cork_01.mat,
"Seyda Neen, Census and Excise Office",Misc_Com_Bottle_08,True,491.7237,979.65704,302.18246,24586.185,48982.852,15109.123,0.0,0.0,224.16343480918815,True,Data\Materials\morrowind\tx_cork_01.mat,
"Seyda Neen, Census and Excise Office",Misc_Com_Bottle_08,True,481.8169,986.9753,302.18246,24090.844999999998,49348.765,15109.123,0.0,0.0,224.16343480918815,True,Data\Materials\morrowind\tx_cork_01.mat,
"Seyda Neen, Census and Excise Office",Misc_Com_Bottle_08,True,474.1732,978.0888,302.18246,23708.66,48904.44,15109.123,0.0,0.0,161.1380773447976,True,Data\Materials\morrowind\tx_cork_01.mat,
"Seyda Neen, Census and Excise Office",Misc_Com_Bottle_08,True,470.1548,989.2353,302.18246,23507.74,49461.765,15109.123,0.0,0.0,270.0000297717642,True,Data\Materials\morrowind\tx_cork_01.mat,
"Seyda Neen, Census and Excise Office",misc_com_metal_goblet_01,True,408.93195,988.6356,291.85257,20446.5975,49431.78,14592.6285,0.0,0.0,270.0000011238745,True,Data\Materials\morrowind\tx_metal_pewter_04.mat,
"Seyda Neen, Census and Excise Office",misc_com_metal_goblet_01,True,400.88193,979.20825,291.8526,20044.0965,48960.4125,14592.63,0.0,0.0,225.0000505929043,True,Data\Materials\morrowind\tx_metal_pewter_04.mat,
"Seyda Neen, Census and Excise Office",misc_com_metal_goblet_01,True,395.92108,987.65686,291.85257,19796.054,49382.843,14592.6285,0.0,0.0,184.89302212248055,True,Data\Materials\morrowind\tx_metal_pewter_04.mat,
"Seyda Neen, Census and Excise Office",misc_com_metal_goblet_01,True,387.12476,980.94946,291.8526,19356.237999999998,49047.473000000005,14592.63,0.0,0.0,219.2704497232843,True,Data\Materials\morrowind\tx_metal_pewter_04.mat,
"Seyda Neen, Census and Excise Office",misc_imp_silverware_pitcher,False,489.292,978.651,257.306,24464.6,48932.549999999996,12865.3,0.0,0.0,224.2000009756734,True,,
"Seyda Neen, Census and Excise Office",misc_com_redware_bowl,False,392.16504,980.5367,246.77376,19608.252,49026.835,12338.688,0.0,0.0,270.0000297717642,True,,
"Seyda Neen, Census and Excise Office",misc_com_redware_bowl_01,False,418.93356,983.7879,244.65569,20946.678,49189.395000000004,12232.7845,0.0,0.0,270.0000297717642,True,,
"Seyda Neen, Census and Excise Office",misc_com_redware_bowl_01,False,440.47086,983.2989,244.61845,22023.543,49164.945,12230.9225,0.0,0.0,270.0000297717642,True,,
"Seyda Neen, Census and Excise Office",misc_com_basket_02,True,375.459,592.60895,247.9626,18772.95,29630.447500000002,12398.130000000001,0.0,0.0,157.08171377218784,True,Data\Materials\morrowind\tx_wicker_tan.mat,
"Seyda Neen, Census and Excise Office",misc_com_redware_flask,False,403.90054,976.8861,215.82957,20195.027,48844.305,10791.4785,0.0,0.0,0.0,True,,
"Seyda Neen, Census and Excise Office",misc_com_redware_flask,False,428.19467,978.64417,215.82954,21409.7335,48932.2085,10791.477,0.0,0.0,0.0,True,,
"Seyda Neen, Census and Excise Office",Potion_Local_Brew_01,True,427.82504,984.23145,297.07663,21391.252,49211.5725,14853.8315,0.0,0.0,246.37183471752013,True,Data\Materials\morrowind\tx_cork_01.mat,
"Seyda Neen, Census and Excise Office",Potion_Local_Brew_01,True,446.12885,988.3309,297.07663,22306.4425,49416.545000000006,14853.8315,0.0,0.0,325.59999745070814,True,Data\Materials\morrowind\tx_cork_01.mat,
"Seyda Neen, Census and Excise Office",food_kwama_egg_02,True,382.78146,979.5877,213.66396,19139.073,48979.385,10683.198,0.0,0.0,337.0817450791866,True,Data\Materials\morrowind\tx_kwama_egge_00.mat,
"Seyda Neen, Census and Excise Office",com_basket_01_chpfood,False,618.615,973.796,235.363,30930.75,48689.8,11768.15,0.0,0.0,311.7000012337887,True,,
"Seyda Neen, Census and Excise Office",furn_com_r_table_01,False,1294.2626,-528.4573,224.0,64713.130000000005,-26422.865,11200.0,0.0,0.0,314.9999917618903,True,,
"Seyda Neen, Census and Excise Office",furn_com_r_chair_01,False,1342.9316,-589.1834,240.0,67146.57999999999,-29459.170000000002,12000.0,0.0,0.0,135.00000056193724,True,,
"Seyda Neen, Census and Excise Office",furn_com_r_bookshelf_01,False,1381.6101,-287.99417,285.7953,69080.505,-14399.7085,14289.765,0.0,0.0,0.0,True,,
"Seyda Neen, Census and Excise Office",light_com_candle_08_64,False,1323.2506,-459.36435,267.30655,66162.53,-22968.2175,13365.327500000001,0.0,0.0,0.0,True,,
"Seyda Neen, Census and Excise Office",light_com_candle_08_64,False,1223.717,-562.1848,267.307,61185.850000000006,-28109.239999999998,13365.35,0.0,0.0,0.0,True,,
"Seyda Neen, Census and Excise Office",misc_com_bottle_09,True,1307.858,-499.84375,274.393,65392.899999999994,-24992.1875,13719.649999999998,0.0,0.0,45.80000014820109,True,Data\Materials\morrowind\tx_glass_bottle_green.mat,
"Seyda Neen, Census and Excise Office",misc_com_metal_goblet_01,True,1296.7181,-508.8413,265.29416,64835.905,-25442.065,13264.707999999999,0.0,0.0,0.0,True,Data\Materials\morrowind\tx_metal_pewter_04.mat,
"Seyda Neen, Census and Excise Office",misc_de_foldedcloth00,False,1266.0433,-552.7722,258.53418,63302.165,-27638.61,12926.708999999999,0.0,0.0,0.0,True,,
"Seyda Neen, Census and Excise Office",Misc_Com_Wood_Bowl_05,True,1432.9705,-288.2371,291.55884,71648.525,-14411.855,14577.942,0.0,0.0,0.0,True,Data\Materials\morrowind\tx_wood_cherry.mat,
"Seyda Neen, Census and Excise Office",misc_com_bucket_01,True,1485.1266,-296.5009,209.79192,74256.33,-14825.045,10489.596,0.0,0.0,331.3521499391445,True,Data\Materials\morrowind\tx_metal_strip_02.mat,
"Seyda Neen, Census and Excise Office",misc_com_metal_goblet_02,True,1394.1968,-278.1854,249.2836,69709.84,-13909.27,12464.18,0.0,0.0,296.9746822312951,True,Data\Materials\morrowind\tx_metal_pewter_01.mat,
"Seyda Neen, Census and Excise Office",misc_com_metal_goblet_02,True,1420.1907,-276.32858,249.2836,71009.535,-13816.429,12464.18,0.0,0.0,0.0,True,Data\Materials\morrowind\tx_metal_pewter_01.mat,
"Seyda Neen, Census and Excise Office",misc_com_metal_goblet_02,True,1420.7961,-286.7062,249.2836,71039.80500000001,-14335.310000000001,12464.18,0.0,0.0,325.62254906952444,True,Data\Materials\morrowind\tx_metal_pewter_01.mat,
"Seyda Neen, Census and Excise Office",misc_com_metal_goblet_02,True,1408.8569,-274.45248,249.2836,70442.845,-13722.624,12464.18,0.0,0.0,325.62254906952444,True,Data\Materials\morrowind\tx_metal_pewter_01.mat,
"Seyda Neen, Census and Excise Office",misc_com_metal_goblet_02,True,1402.1802,-285.1481,249.2836,70109.01,-14257.405,12464.18,0.0,0.0,296.9746822312951,True,Data\Materials\morrowind\tx_metal_pewter_01.mat,
"Seyda Neen, Census and Excise Office",Misc_Com_Pitcher_Metal_01,True,1439.0798,-282.20694,256.76257,71953.99,-14110.346999999998,12838.128499999999,0.0,0.0,28.64790694527501,True,Data\Materials\morrowind\tx_metal_pewter_04.mat,
"Seyda Neen, Census and Excise Office",misc_com_redware_flask,False,1330.4238,-285.7737,254.72824,66521.19,-14288.685000000001,12736.412,0.0,0.0,0.0,True,,
"Seyda Neen, Census and Excise Office",Potion_Local_Brew_01,True,1344.9568,-295.38333,217.35716,67247.84,-14769.1665,10867.858,0.0,0.0,268.3268497705335,True,Data\Materials\morrowind\tx_cork_01.mat,
"Seyda Neen, Census and Excise Office",Potion_Local_Brew_01,True,1362.3591,-287.28543,217.35716,68117.955,-14364.2715,10867.858,0.0,0.0,182.38314039386432,True,Data\Materials\morrowind\tx_cork_01.mat,
"Seyda Neen, Census and Excise Office",misc_com_redware_pitcher,False,1350.6863,-283.53018,259.59244,67534.315,-14176.508999999998,12979.622000000001,0.0,0.0,251.1381159166088,True,,
"Seyda Neen, Census and Excise Office",light_com_candle_07_64,False,1399.5896,-284.2769,307.25482,69979.48,-14213.845000000001,15362.741,0.0,0.0,262.5972718192252,True,,
"Seyda Neen, Census and Excise Office",furn_com_tapestry_03,True,1047.0673,-369.4585,401.03397,52353.365,-18472.925,20051.698500000002,0.0,0.0,90.00000419434348,True,Data\Materials\morrowind\tx_fabric_tapestry_03.mat,
"Seyda Neen, Census and Excise Office",furn_com_tapestry_03,True,80.11916,382.84888,392.58112,4005.9579999999996,19142.444,19629.056,0.0,0.0,90.00000419434348,True,Data\Materials\morrowind\tx_fabric_tapestry_03.mat,
"Seyda Neen, Census and Excise Office",misc_com_bottle_07,True,224.85814,-467.2292,221.49498,11242.907,-23361.46,11074.749,0.0,0.0,94.76623955680849,True,Data\Materials\morrowind\tx_cork_01.mat,
"Seyda Neen, Census and Excise Office",furn_com_tapestry_04,True,-176.09238,-384.42526,392.90857,-8804.618999999999,-19221.263,19645.428499999998,0.0,0.0,90.00000419434348,True,Data\Materials\morrowind\tx_fabric_tapestry_04.mat,
"Seyda Neen, Census and Excise Office",furn_com_tapestry_03,True,448.31647,528.2846,394.29297,22415.8235,26414.229999999996,19714.648500000003,0.0,0.0,0.0,True,Data\Materials\morrowind\tx_fabric_tapestry_03.mat,
"Seyda Neen, Census and Excise Office",com_basket_01_chpfood,False,549.123,966.013,243.824,27456.15,48300.65,12191.2,0.0,0.0,331.29999359105375,True,,
"Seyda Neen, Census and Excise Office",light_com_lamp_01,True,789.614,549.1643,329.44354,39480.700000000004,27458.215,16472.177,0.0,0.0,45.00000209717174,True,Data\Materials\morrowind\tx_firealpha01.mat,
"Seyda Neen, Census and Excise Office",furn_com_tapestry_03,True,704.64984,528.2846,394.29297,35232.492,26414.229999999996,19714.648500000003,0.0,0.0,0.0,True,Data\Materials\morrowind\tx_fabric_tapestry_03.mat,
"Seyda Neen, Census and Excise Office",furn_com_tapestry_03,True,815.60583,640.5737,394.29297,40780.2915,32028.685,19714.648500000003,0.0,0.0,270.0000011238745,True,Data\Materials\morrowind\tx_fabric_tapestry_03.mat,
"Seyda Neen, Census and Excise Office",light_com_chandelier_01_128,False,-64.106804,-194.77435,394.71252,-3205.3401999999996,-9738.7175,19735.626,0.0,0.0,315.0000204097801,True,,
"Seyda Neen, Census and Excise Office",light_com_chandelier_01_128,False,-64.02501,61.6742,393.67026,-3201.2504999999996,3083.71,19683.513,0.0,0.0,315.0000204097801,True,,
"Seyda Neen, Census and Excise Office",light_com_chandelier_01_128,False,187.32948,512.0377,388.83423,9366.474,25601.885,19441.7115,0.0,0.0,45.00000209717174,True,,
"Seyda Neen, Census and Excise Office",furn_com_pm_stool_02,False,1275.6083,-291.58707,210.47292,63780.41500000001,-14579.3535,10523.645999999999,0.0,0.0,235.6225677934928,True,,
"Seyda Neen, Census and Excise Office",furn_com_tapestry_03,True,1535.6777,-369.31104,400.78506,76783.885,-18465.552,20039.253,0.0,0.0,270.0000011238745,True,Data\Materials\morrowind\tx_fabric_tapestry_03.mat,
"Seyda Neen, Census and Excise Office",furn_com_tapestry_03,True,303.38852,383.61972,392.58112,15169.426000000001,19180.985999999997,19629.056,0.0,0.0,270.0000011238745,True,Data\Materials\morrowind\tx_fabric_tapestry_03.mat,
"Seyda Neen, Census and Excise Office",furn_com_tapestry_04,True,-64.92526,239.36702,392.90857,-3246.263,11968.351,19645.428499999998,0.0,0.0,180.000002659109,True,Data\Materials\morrowind\tx_fabric_tapestry_04.mat,
"Seyda Neen, Census and Excise Office",furn_com_tapestry_03,True,303.38852,641.5176,392.58112,15169.426000000001,32075.88,19629.056,0.0,0.0,270.0000011238745,True,Data\Materials\morrowind\tx_fabric_tapestry_03.mat,
"Seyda Neen, Census and Excise Office",furn_com_tapestry_03,True,80.11916,897.97986,392.58112,4005.9579999999996,44898.993,19629.056,0.0,0.0,90.00000419434348,True,Data\Materials\morrowind\tx_fabric_tapestry_03.mat,
"Seyda Neen, Census and Excise Office",furn_com_tapestry_03,True,1535.6777,-622.1601,400.0879,76783.885,-31108.005000000005,20004.395,0.0,0.0,270.0000011238745,True,Data\Materials\morrowind\tx_fabric_tapestry_03.mat,
"Seyda Neen, Census and Excise Office",misc_com_redware_flask,False,1321.7256,-281.9202,254.72824,66086.28,-14096.010000000002,12736.412,0.0,0.0,0.0,True,,
"Seyda Neen, Census and Excise Office",Potion_Local_Brew_01,True,1325.042,-289.60123,217.35716,66252.09999999999,-14480.0615,10867.858,0.0,0.0,319.8929940365281,True,Data\Materials\morrowind\tx_cork_01.mat,
"Seyda Neen, Census and Excise Office",furn_com_tapestry_03,True,1424.7039,-735.8664,400.3435,71235.19499999999,-36793.32,20017.175,0.0,0.0,360.0000110477959,True,Data\Materials\morrowind\tx_fabric_tapestry_03.mat,
"Seyda Neen, Census and Excise Office",furn_com_tapestry_03,True,1046.9158,-623.72675,401.03397,52345.79,-31186.3375,20051.698500000002,0.0,0.0,90.00000419434348,True,Data\Materials\morrowind\tx_fabric_tapestry_03.mat,
"Seyda Neen, Census and Excise Office",misc_imp_silverware_plate_03,False,1429.4075,-277.01804,342.149,71470.375,-13850.902,17107.45,296.99998404752813,0.0,233.89999310074379,True,,
"Seyda Neen, Census and Excise Office",misc_imp_silverware_plate_03,False,1332.0178,-277.0184,342.14886,66600.89,-13850.92,17107.443,296.97471087918484,0.0,233.94941644015177,True,,
"Seyda Neen, Census and Excise Office",misc_imp_silverware_plate_03,False,1364.374,-277.0184,342.14886,68218.7,-13850.92,17107.443,296.97471087918484,0.0,233.94941644015177,True,,
"Seyda Neen, Census and Excise Office",misc_imp_silverware_plate_03,False,1396.9307,-277.0184,342.14886,69846.53499999999,-13850.92,17107.443,296.97471087918484,0.0,233.94941644015177,True,,
"Seyda Neen, Census and Excise Office",misc_com_broom_01,True,1513.0933,-264.64658,265.933,75654.665,-13232.328999999998,13296.65,11.459155902616466,0.0,0.0,True,Data\Materials\morrowind\tx_rope_heavy.mat,
"Seyda Neen, Census and Excise Office",misc_com_tankard_01,True,1369.0818,-281.05667,249.89003,68454.09,-14052.8335,12494.5015,0.0,0.0,102.16904334597112,True,Data\Materials\morrowind\tx_metal_pewter_01.mat,
"Seyda Neen, Census and Excise Office",misc_com_tankard_01,True,1384.1841,-285.06216,249.89003,69209.205,-14253.108,12494.5015,0.0,0.0,74.4844560712275,True,Data\Materials\morrowind\tx_metal_pewter_01.mat,
"Seyda Neen, Census and Excise Office",misc_com_redware_bowl,False,1328.6069,-286.69754,292.0233,66430.345,-14334.877,14601.165,0.0,0.0,0.0,True,,
"Seyda Neen, Census and Excise Office",misc_com_redware_bowl_01,False,1371.7686,-288.7957,288.93677,68588.43000000001,-14439.785,14446.838500000002,0.0,0.0,0.0,True,,
"Seyda Neen, Census and Excise Office",misc_com_redware_bowl_01,False,1351.2415,-287.3356,288.93677,67562.07500000001,-14366.78,14446.838500000002,0.0,0.0,160.4281940957864,True,,
"Seyda Neen, Census and Excise Office",misc_com_bottle_12,True,1391.7942,-289.04984,221.41283,69589.71,-14452.492,11070.641500000002,0.0,0.0,137.50987083139756,True,Data\Materials\morrowind\tx_cork_01.mat,
"Seyda Neen, Census and Excise Office",misc_com_redware_vase,False,249.512,-467.36362,261.4849,12475.6,-23368.181,13074.244999999999,0.0,0.0,89.99999846476551,True,,
"Seyda Neen, Census and Excise Office",furn_com_rm_bench_02,False,-150.85423,-341.07513,210.80342,-7542.7115,-17053.7565,10540.171,0.0,0.0,270.0000011238745,True,,
"Seyda Neen, Census and Excise Office",light_com_lantern_01_128,False,1080.6898,-498.39307,344.29706,54034.490000000005,-24919.6535,17214.853,0.0,0.0,90.00000419434348,True,,
"Seyda Neen, Census and Excise Office",furn_com_lantern_hook,True,1071.234,-495.98715,340.64197,53561.7,-24799.3575,17032.0985,0.0,0.0,270.0000011238745,True,Data\Materials\morrowind\tx_metal_strip_02.mat,
"Seyda Neen, Census and Excise Office",light_com_candle_05,True,491.0538,977.46606,334.47797,24552.690000000002,48873.303,16723.898500000003,0.0,0.0,90.83663143721554,True,Data\Materials\morrowind\tx_firealpha01.mat,
"Seyda Neen, Census and Excise Office",misc_com_redware_flask,False,414.3046,984.83887,215.82954,20715.23,49241.9435,10791.477,0.0,0.0,0.0,True,,
"Seyda Neen, Census and Excise Office",Misc_Imp_Silverware_Bowl,False,469.10788,983.3585,245.5371,23455.394,49167.925,12276.855,0.0,0.0,216.76065966791526,True,,
"Seyda Neen, Census and Excise Office",misc_com_metal_plate_05,True,467.66064,993.19556,337.25723,23383.032,49659.778,16862.8615,302.7042831009151,0.0,262.5972718192252,True,Data\Materials\morrowind\tx_metal_pewter_03.mat,
"Seyda Neen, Census and Excise Office",misc_com_metal_plate_05,True,383.7989,993.19556,337.25723,19189.945,49659.778,16862.8615,302.7042831009151,0.0,251.13813310534263,True,Data\Materials\morrowind\tx_metal_pewter_03.mat,
"Seyda Neen, Census and Excise Office",misc_com_metal_plate_05,True,412.03052,993.19556,337.25723,20601.526,49659.778,16862.8615,302.7042831009151,0.0,251.13813310534263,True,Data\Materials\morrowind\tx_metal_pewter_03.mat,
"Seyda Neen, Census and Excise Office",misc_com_metal_plate_05,True,440.07233,993.19556,337.25723,22003.6165,49659.778,16862.8615,302.7042831009151,0.0,239.67898866188204,True,Data\Materials\morrowind\tx_metal_pewter_03.mat,
"Seyda Neen, Census and Excise Office",misc_imp_silverware_pitcher,False,590.759,666.5785,263.7843,29537.95,33328.924999999996,13189.214999999998,0.0,0.0,207.2282290500309,True,,
"Seyda Neen, Census and Excise Office",furn_log_04,True,-144.68112,-444.54855,208.27771,-7234.056,-22227.427499999998,10413.8855,348.5408837930692,28.647853660200067,46.80006360213424,True,Data\Materials\morrowind\tx_wood_brown_posts_02.mat,
"Seyda Neen, Census and Excise Office",furn_log_04,True,-41.241974,-479.04596,209.72888,-2062.0987,-23952.298,10486.444,0.0,0.0,268.32673517897445,True,Data\Materials\morrowind\tx_wood_brown_posts_02.mat,
"Seyda Neen, Census and Excise Office",furn_log_04,True,-39.131905,-465.87442,209.72888,-1956.59525,-23293.720999999998,10486.444,0.0,0.0,91.67327586882146,True,Data\Materials\morrowind\tx_wood_brown_posts_02.mat,
"Seyda Neen, Census and Excise Office",furn_log_04,True,-38.85498,-473.71356,217.56766,-1942.7489999999998,-23685.678,10878.383,0.0,0.0,257.8310880229618,True,Data\Materials\morrowind\tx_wood_brown_posts_02.mat,
"Seyda Neen, Census and Excise Office",misc_com_basket_01,True,-146.52998,-458.63406,204.08759,-7326.499,-22931.702999999998,10204.379500000001,0.0,0.0,319.8929940365281,True,Data\Materials\morrowind\tx_straw_woven.mat,
"Seyda Neen, Census and Excise Office",furn_log_04,True,-138.36087,-464.71274,214.09024,-6918.043500000001,-23235.637,10704.511999999999,337.0817450791866,28.647886318794388,52.52960717597477,True,Data\Materials\morrowind\tx_wood_brown_posts_02.mat,
"Seyda Neen, Census and Excise Office",furn_log_04,True,-134.2488,-458.48776,209.08862,-6712.44,-22924.388,10454.431,2.134434116510243e-05,22.918311805232932,252.1015158012315,True,Data\Materials\morrowind\tx_wood_brown_posts_02.mat,
"Seyda Neen, Census and Excise Office",furn_log_04,True,-143.3458,-453.93158,212.58745,-7167.29,-22696.579,10629.3725,2.134434116510243e-05,22.918311805232932,240.6423713577709,True,Data\Materials\morrowind\tx_wood_brown_posts_02.mat,
"Seyda Neen, Census and Excise Office",Light_Fire_NoSmoke,True,-40.193,-471.753,180.08209,-2009.6499999999999,-23587.649999999998,9004.1045,0.0,0.0,0.0,True,Data\Materials\morrowind\tx_firealpha10.mat,
"Seyda Neen, Census and Excise Office",furn_com_rm_bench_02,False,-156.90993,83.398766,210.803,-7845.4965,4169.9383,10540.15,0.0,0.0,270.0000011238745,True,,
"Seyda Neen, Census and Excise Office",misc_com_metal_goblet_02,True,196.78839,-466.18994,334.85043,9839.4195,-23309.497,16742.521500000003,0.0,0.0,206.2648119766743,True,Data\Materials\morrowind\tx_metal_pewter_01.mat,
"Seyda Neen, Census and Excise Office",misc_com_metal_goblet_02,True,211.89078,-466.49133,334.85043,10594.539,-23324.5665,16742.521500000003,0.0,0.0,0.0,True,Data\Materials\morrowind\tx_metal_pewter_01.mat,
"Seyda Neen, Census and Excise Office",misc_com_metal_goblet_02,True,204.41965,-476.1397,334.85043,10220.9825,-23806.985,16742.521500000003,0.0,0.0,80.2140970478932,True,Data\Materials\morrowind\tx_metal_pewter_01.mat,
"Seyda Neen, Census and Excise Office",ingred_bread_01,True,379.77695,596.42126,236.5761,18988.8475,29821.063,11828.805,0.0,0.0,57.29577951308232,True,Data\Materials\morrowind\tx_breadloaf_01.mat,
"Seyda Neen, Census and Excise Office",ingred_bread_01,True,371.21716,588.908,236.5761,18560.858,29445.4,11828.805,0.0,0.0,229.18314670021903,True,Data\Materials\morrowind\tx_breadloaf_01.mat,
"Seyda Neen, Census and Excise Office",ingred_bread_01,True,377.63275,588.5919,244.5875,18881.6375,29429.595,12229.375,0.0,0.0,74.48454201489677,True,Data\Materials\morrowind\tx_breadloaf_01.mat,
"Seyda Neen, Census and Excise Office",furn_c_t_theif_01,True,304.166,128.422,394.7,15208.3,6421.099999999999,19735.0,0.0,0.0,270.0000011238745,True,Data\Materials\morrowind\tx_c_t_thief_01.mat,
"Seyda Neen, Census and Excise Office",furn_c_t_wizard_01,True,303.346,-127.873,394.7,15167.3,-6393.650000000001,19735.0,0.0,0.0,270.0000011238745,True,Data\Materials\morrowind\tx_c_t_wizard_01.mat,
"Seyda Neen, Census and Excise Office",furn_c_t_warrior_01,True,304.308,-383.718,394.7,15215.4,-19185.9,19735.0,0.0,0.0,270.0000011238745,True,Data\Materials\morrowind\tx_c_t_warrior_01.mat,
"Seyda Neen, Census and Excise Office",Light_Com_Candle_01_64,False,229.32059,-471.25333,292.59534,11466.0295,-23562.6665,14629.767000000002,0.0,0.0,268.3268211226437,True,,
"Seyda Neen, Census and Excise Office",furn_de_rug_big_06,False,1338.9176,-535.983,189.88997,66945.88,-26799.149999999998,9494.4985,0.0,0.0,135.00000056193724,True,,
"Seyda Neen, Census and Excise Office",furn_de_rug_big_06,False,64.87943,100.23451,190.75679,3243.9715,5011.7255000000005,9537.8395,0.0,0.0,180.000002659109,True,,
"Seyda Neen, Census and Excise Office",furn_de_rug_big_06,False,194.42743,451.34924,189.88997,9721.3715,22567.462,9494.4985,0.0,0.0,90.00000419434348,True,,
"Seyda Neen, Census and Excise Office",furn_de_rug_big_06,False,575.4326,679.5452,189.88997,28771.629999999997,33977.26,9494.4985,0.0,0.0,180.000002659109,True,,
"Seyda Neen, Census and Excise Office",furn_de_rug_big_06,False,171.9296,-220.79807,189.40004,8596.48,-11039.9035,9470.002,0.0,0.0,90.00000419434348,True,,
"Seyda Neen, Census and Excise Office",furn_de_rug_big_06,False,194.42743,828.94025,189.88997,9721.3715,41447.0125,9494.4985,0.0,0.0,90.00000419434348,True,,
"Seyda Neen, Census and Excise Office",furn_com_tapestry_03,True,80.11916,640.2964,392.58112,4005.9579999999996,32014.819999999996,19629.056,0.0,0.0,90.00000419434348,True,Data\Materials\morrowind\tx_fabric_tapestry_03.mat,
"Seyda Neen, Census and Excise Office",potion_local_liquor_01,True,1417.3936,-286.41083,217.35716,70869.68000000001,-14320.5415,10867.858,0.0,0.0,0.0,True,Data\Materials\morrowind\tx_crock_02.mat,
"Seyda Neen, Census and Excise Office",potion_local_liquor_01,True,1434.6923,-291.86902,217.35716,71734.61499999999,-14593.451,10867.858,0.0,0.0,262.59719733471184,True,Data\Materials\morrowind\tx_crock_02.mat,
"Seyda Neen, Census and Excise Office",light_com_chandelier_01_128,False,1231.1843,-434.72803,403.29047,61559.215,-21736.4015,20164.523500000003,0.0,0.0,315.0000204097801,True,,
"Seyda Neen, Census and Excise Office",misc_com_bucket_01,True,692.1772,1461.7605,82.24921,34608.86,73088.02500000001,4112.4605,0.0,0.0,28.6478496494955,True,Data\Materials\morrowind\tx_metal_strip_02.mat,
"Seyda Neen, Census and Excise Office",com_sack_01_ingred,False,421.7891,1705.249,96.29817,21089.455,85262.45,4814.9085,0.0,0.0,278.11270535078216,True,,
"Seyda Neen, Census and Excise Office",Com_Basket_01_chargen,False,356.18097,1673.0122,107.010376,17809.0485,83650.61,5350.5188,0.0,0.0,269.1634369063599,True,,
"Seyda Neen, Census and Excise Office",com_sack_03_ingredients,False,482.46378,1730.254,103.28113,24123.189,86512.7,5164.056500000001,17.18873614575588,337.08178518623225,331.3521499391445,True,,
"Seyda Neen, Census and Excise Office",Com_Basket_chargen2,False,371.05624,1739.6077,113.70874,18552.812,86980.385,5685.437,0.0,0.0,297.81131520374515,True,,
"Seyda Neen, Census and Excise Office",com_sack_01_ingred,False,415.04767,1705.6895,71.91047,20752.3835,85284.47499999999,3595.5235000000002,0.0,0.0,278.11270535078216,True,,
"Seyda Neen, Census and Excise Office",com_sack_01_ingred,False,414.6124,1703.2976,84.78107,20730.62,85164.88,4239.0535,0.0,0.0,289.5718555238207,True,,
"Seyda Neen, Census and Excise Office",com_sack_03_ingredients,False,517.0843,1727.1282,103.28113,25854.215,86356.41,5164.056500000001,28.64788975654116,337.0817278904527,315.0000204097801,True,,
"Seyda Neen, Census and Excise Office",in_c_plain_corner,True,192.0,1408.0,64.0,9600.0,70400.0,3200.0,0.0,0.0,180.000002659109,True,Data\Materials\morrowind\tx_carvedwood_detail_knots.mat,
"Seyda Neen, Census and Excise Office",Furn_Com_Kegstand,True,745.2941,1460.3323,127.18794,37264.704999999994,73016.615,6359.397,0.0,0.0,90.00000419434348,True,Data\Materials\morrowind\tx_metal_iron_rusty.mat,
"Seyda Neen, Census and Excise Office",furn_com_torch_ring_01,True,345.31726,1540.7994,203.96439,17265.862999999998,77039.97,10198.219500000001,0.0,0.0,270.0000297717642,True,Data\Materials\morrowind\tx_metal_iron_rusty_01.mat,
"Seyda Neen, Census and Excise Office",light_com_torch_01_128,False,353.3775,1540.9989,192.18198,17668.875,77049.945,9609.099,0.0,0.0,270.0000297717642,True,,
"Seyda Neen, Census and Excise Office",in_c_plain_3way,True,192.0,896.0,192.0,9600.0,44800.0,9600.0,0.0,0.0,180.000002659109,True,Data\Materials\morrowind\tx_carvedwood_detail_knots.mat,
"Seyda Neen, Census and Excise Office",in_c_plain_stair_short,True,192.0,1152.0,64.0,9600.0,57600.0,3200.0,0.0,0.0,180.000002659109,True,Data\Materials\morrowind\tx_carvedwood_beam_01.mat,
"Seyda Neen, Census and Excise Office",in_c_stone_3way,True,448.0,1408.0,64.0,22400.0,70400.0,3200.0,0.0,0.0,90.00000419434348,True,Data\Materials\morrowind\tx_common_stone_floor.mat,
"Seyda Neen, Census and Excise Office",in_c_door_arched,True,324.52405,1342.1992,64.0,16226.2025,67109.96,3200.0,0.0,0.0,270.0000011238745,True,Data\Materials\morrowind\tx_imp_archdoor.mat,
"Seyda Neen, Census and Excise Office",in_c_djamb_stone_arched,True,320.0,1408.0,64.0,16000.0,70400.0,3200.0,0.0,0.0,270.0000011238745,True,Data\Materials\morrowind\tx_common_stone_pillar.mat,
"Seyda Neen, Census and Excise Office",in_c_stone_endcap,True,704.0,1408.0,64.0,35200.0,70400.0,3200.0,0.0,0.0,180.000002659109,True,Data\Materials\morrowind\tx_common_stone_floor.mat,
"Seyda Neen, Census and Excise Office",in_c_stone_endcap,True,448.0,1664.0,64.0,22400.0,83200.0,3200.0,0.0,0.0,90.00000419434348,True,Data\Materials\morrowind\tx_common_stone_floor.mat,
"Seyda Neen, Census and Excise Office",Furn_Com_Kegstand,True,745.2941,1362.957,127.18794,37264.704999999994,68147.85,6359.397,0.0,0.0,90.00000419434348,True,Data\Materials\morrowind\tx_metal_iron_rusty.mat,
"Seyda Neen, Census and Excise Office",misc_com_bucket_01,True,686.9228,1362.5657,82.24921,34346.14,68128.285,4112.4605,0.0,0.0,17.188733853924695,True,Data\Materials\morrowind\tx_metal_strip_02.mat,
"Seyda Neen, Census and Excise Office",furn_com_tapestry_03,True,198.70406,1520.786,274.7378,9935.203,76039.3,13736.89,0.0,0.0,180.000002659109,True,Data\Materials\morrowind\tx_fabric_tapestry_03.mat,
"Seyda Neen, Census and Excise Office",furn_com_tapestry_03,True,79.32557,1408.1198,274.7378,3966.2785,70405.98999999999,13736.89,0.0,0.0,90.00000419434348,True,Data\Materials\morrowind\tx_fabric_tapestry_03.mat,
"Seyda Neen, Census and Excise Office",light_com_chandelier_01_128,False,192.10428,65.41443,393.67026,9605.214,3270.7214999999997,19683.513,0.0,0.0,315.0000204097801,True,,
"Seyda Neen, Census and Excise Office",Misc_Inkwell,True,206.64673,-174.757,267.26575,10332.3365,-8737.85,13363.287500000002,0.0,0.0,0.0,True,Data\Materials\morrowind\tx_glass_6th_blackblock.mat,
"Seyda Neen, Census and Excise Office",Misc_Quill,True,208.90634,-178.47083,278.85077,10445.317,-8923.541500000001,13942.5385,251.13807580956313,166.15773766962693,348.54086660433535,True,Data\Materials\morrowind\tx_quill.mat,
"Seyda Neen, Census and Excise Office",ingred_bread_01,True,552.4344,665.4133,256.01947,27621.719999999998,33270.665,12800.9735,0.0,0.0,96.56620365894582,True,Data\Materials\morrowind\tx_breadloaf_01.mat,
"Seyda Neen, Census and Excise Office",Potion_Cyro_Whiskey_01,True,573.3488,682.0358,258.21484,28667.44,34101.79,12910.741999999998,0.0,0.0,0.0,True,Data\Materials\morrowind\tx_bottle_09.mat,
"Seyda Neen, Census and Excise Office",ingred_crab_meat_01,False,580.67175,704.05634,251.01483,29033.587499999998,35202.816999999995,12550.7415,0.0,0.0,0.0,True,,
"Seyda Neen, Census and Excise Office",pick_apprentice_01,True,616.5512,699.9092,250.10124,30827.56,34995.46000000001,12505.062,0.0,0.0,51.56620385360527,True,Data\Materials\morrowind\tx_metal_iron_rusty.mat,
"Seyda Neen, Census and Excise Office",light_com_candle_10_128,False,626.3521,690.26434,259.9022,31317.604999999996,34513.217,12995.11,0.0,0.0,285.51548622163295,True,,
"Seyda Neen, Census and Excise Office",in_c_plain_room_entry,True,-64.0,-128.0,192.0,-3200.0,-6400.0,9600.0,0.0,0.0,270.0000011238745,True,Data\Materials\morrowind\tx_carvedwood_beam_01.mat,
"Seyda Neen, Census and Excise Office",in_c_djamb_plain_square,True,-192.0,-128.0,192.0,-9600.0,-6400.0,9600.0,0.0,0.0,270.0000011238745,True,Data\Materials\morrowind\tx_carvedwood_detail_knots.mat,
"Seyda Neen, Census and Excise Office",in_c_plain_room_corner,True,704.0,896.0,192.0,35200.0,44800.0,9600.0,0.0,0.0,90.00000419434348,True,Data\Materials\morrowind\tx_carvedwood_beam_01.mat,
"Seyda Neen, Census and Excise Office",in_c_wall_plain,True,1032.0,-376.0,192.0,51600.0,-18800.0,9600.0,0.0,0.0,270.0000297717642,True,Data\Materials\morrowind\tx_carvedwood_detail_knots.mat,
"Seyda Neen, Census and Excise Office",in_c_plain_room_entry,True,1168.0,-368.0,192.0,58400.0,-18400.0,9600.0,0.0,0.0,359.9999537520164,True,Data\Materials\morrowind\tx_carvedwood_beam_01.mat,
"Seyda Neen, Census and Excise Office",in_c_djamb_plain_square,True,1168.0,-240.0,192.0,58400.0,-12000.0,9600.0,0.0,0.0,359.9999537520164,True,Data\Materials\morrowind\tx_carvedwood_detail_knots.mat,
"Seyda Neen, Census and Excise Office",in_c_wall_plain,True,1032.0,-616.0,192.0,51600.0,-30800.0,9600.0,0.0,0.0,270.0000011238745,True,Data\Materials\morrowind\tx_carvedwood_detail_knots.mat,
"Seyda Neen, Census and Excise Office",in_c_plain_room_entry,True,1168.0,-624.0,192.0,58400.0,-31200.0,9600.0,0.0,0.0,179.9999797407972,True,Data\Materials\morrowind\tx_carvedwood_beam_01.mat,
"Seyda Neen, Census and Excise Office",in_c_djamb_plain_square,True,1168.0,-752.0,192.0,58400.0,-37600.0,9600.0,0.0,0.0,179.9999797407972,True,Data\Materials\morrowind\tx_carvedwood_detail_knots.mat,
"Seyda Neen, Census and Excise Office",in_c_pillar_wood,True,1040.0,-496.0,192.0,52000.0,-24800.0,9600.0,0.0,0.0,0.0,True,Data\Materials\morrowind\tx_wood_interior_plain.mat,
"Seyda Neen, Census and Excise Office",light_com_chandelier_01_128,False,187.32948,896.07263,391.03067,9366.474,44803.6315,19551.533499999998,0.0,0.0,45.00000209717174,True,,
"Seyda Neen, Census and Excise Office",light_com_torch_01_128,False,584.51196,1506.437,192.18198,29225.598,75321.84999999999,9609.099,0.0,0.0,0.0,True,,
"Seyda Neen, Census and Excise Office",furn_com_torch_ring_01,True,584.3125,1514.4973,203.96439,29215.625,75724.865,10198.219500000001,0.0,0.0,0.0,True,Data\Materials\morrowind\tx_metal_iron_rusty_01.mat,
"Seyda Neen, Census and Excise Office",in_c_doorframe_01,True,816.0,891.6887,320.0,40800.0,44584.435000000005,16000.0,0.0,0.0,0.0,True,Data\Materials\morrowind\tx_wood_interior_plain.mat,
"Seyda Neen, Census and Excise Office",light_com_chandelier_01_177,False,447.92636,1664.414,262.83426,22396.318,83220.7,13141.712999999998,0.0,0.0,45.00000209717174,True,,
"Seyda Neen, Census and Excise Office",light_com_lamp_01,True,120.90678,1478.1942,200.75497,6045.339,73909.70999999999,10037.7485,0.0,0.0,45.00000209717174,True,Data\Materials\morrowind\tx_firealpha01.mat,
"Seyda Neen, Census and Excise Office",light_com_chandelier_01_128,False,198.59407,1409.2975,262.83426,9929.7035,70464.875,13141.712999999998,0.0,0.0,45.00000209717174,True,,
"Seyda Neen, Census and Excise Warehouse",ex_nord_door_01,True,-377.856,784.672,364.777,-18892.8,39233.6,18238.85,0.0,0.0,270.0000011238745,False,Data\Materials\morrowind\tx_hinge_01.mat,
"Seyda Neen, Census and Excise Warehouse",ex_nord_door_01,True,-32.619,136.842,108.459,-1630.95,6842.1,5422.95,0.0,0.0,0.0,False,Data\Materials\morrowind\tx_hinge_01.mat,
"Seyda Neen, Census and Excise Warehouse",in_c_stone_corner,True,-528.0,-224.0,0.0,-26400.0,-11200.0,0.0,0.0,0.0,90.00000419434348,True,Data\Materials\morrowind\tx_common_stone_floor.mat,
"Seyda Neen, Census and Excise Warehouse",in_c_stone_hall_small,True,-272.0,-224.0,0.0,-13600.0,-11200.0,0.0,0.0,0.0,90.00000419434348,True,Data\Materials\morrowind\tx_common_stone_floor.mat,
"Seyda Neen, Census and Excise Warehouse",in_c_stone_endcap,True,-528.0,32.0,0.0,-26400.0,1600.0,0.0,0.0,0.0,90.00000419434348,True,Data\Materials\morrowind\tx_common_stone_floor.mat,
"Seyda Neen, Census and Excise Warehouse",in_c_plain_hall_small,True,-16.0,544.0,256.0,-800.0,27200.0,12800.0,0.0,0.0,0.0,True,Data\Materials\morrowind\tx_carvedwood_detail_knots.mat,
"Seyda Neen, Census and Excise Warehouse",in_c_plain_hall_small,True,-16.0,32.0,256.0,-800.0,1600.0,12800.0,0.0,0.0,0.0,True,Data\Materials\morrowind\tx_carvedwood_detail_knots.mat,
"Seyda Neen, Census and Excise Warehouse",in_c_plain_hall_small,True,-16.0,288.0,256.0,-800.0,14400.0,12800.0,0.0,0.0,0.0,True,Data\Materials\morrowind\tx_carvedwood_detail_knots.mat,
"Seyda Neen, Census and Excise Warehouse",in_c_plain_3way,True,-16.0,800.0,256.0,-800.0,40000.0,12800.0,0.0,0.0,0.0,True,Data\Materials\morrowind\tx_carvedwood_detail_knots.mat,
"Seyda Neen, Census and Excise Warehouse",in_c_plain_corner,True,-272.0,1056.0,256.0,-13600.0,52800.0,12800.0,0.0,0.0,180.000002659109,True,Data\Materials\morrowind\tx_carvedwood_detail_knots.mat,
"Seyda Neen, Census and Excise Warehouse",in_c_plain_corner,True,-16.0,1056.0,256.0,-800.0,52800.0,12800.0,0.0,0.0,270.0000011238745,True,Data\Materials\morrowind\tx_carvedwood_detail_knots.mat,
"Seyda Neen, Census and Excise Warehouse",in_c_plain_3way,True,-272.0,800.0,256.0,-13600.0,40000.0,12800.0,0.0,0.0,90.00000419434348,True,Data\Materials\morrowind\tx_carvedwood_detail_knots.mat,
"Seyda Neen, Census and Excise Warehouse",in_c_djamb_plain_square,True,-400.0,800.0,256.0,-20000.0,40000.0,12800.0,0.0,0.0,90.00000419434348,True,Data\Materials\morrowind\tx_carvedwood_detail_knots.mat,
"Seyda Neen, Census and Excise Warehouse",ex_nord_win_01,True,-531.2263,158.92238,135.41336,-26561.315000000002,7946.119000000001,6770.668000000001,0.0,0.0,360.0000110477959,True,Data\Materials\morrowind\tx_hinge_01.mat,
"Seyda Neen, Census and Excise Warehouse",ex_nord_win_01,True,-655.8124,24.17295,135.41336,-32790.62,1208.6475,6770.668000000001,0.0,0.0,270.0000011238745,True,Data\Materials\morrowind\tx_hinge_01.mat,
"Seyda Neen, Census and Excise Warehouse",in_common_tower_thatch,True,240.0,-224.0,0.0,12000.0,-11200.0,0.0,0.0,0.0,270.0000011238745,True,Data\Materials\morrowind\tx_carvedwood_beam_01.mat,
"Seyda Neen, Census and Excise Warehouse",in_c_plain_3way,True,-16.0,32.0,0.0,-800.0,1600.0,0.0,0.0,0.0,0.0,True,Data\Materials\morrowind\tx_carvedwood_detail_knots.mat,
"Seyda Neen, Census and Excise Warehouse",in_c_djamb_plain_square,True,-16.0,160.0,0.0,-800.0,8000.0,0.0,0.0,0.0,0.0,True,Data\Materials\morrowind\tx_carvedwood_detail_knots.mat,
"Seyda Neen, Census and Excise Warehouse",in_c_plain_3way,True,-16.0,-224.0,0.0,-800.0,-11200.0,0.0,0.0,0.0,90.00000419434348,True,Data\Materials\morrowind\tx_carvedwood_detail_knots.mat,
"Seyda Neen, Census and Excise Warehouse",in_c_djamb_plain_arched,True,-144.0,-224.0,0.0,-7200.0,-11200.0,0.0,0.0,0.0,270.0000011238745,True,Data\Materials\morrowind\tx_carvedwood_beam_01.mat,
"Seyda Neen, Census and Excise Warehouse",in_c_plain_room_corner,True,-528.0,32.0,256.0,-26400.0,1600.0,12800.0,0.0,0.0,0.0,True,Data\Materials\morrowind\tx_carvedwood_beam_01.mat,
"Seyda Neen, Census and Excise Warehouse",in_c_stair_plain_tall_02,True,-272.0,32.0,0.0,-13600.0,1600.0,0.0,0.0,0.0,270.0000011238745,True,Data\Materials\morrowind\tx_carvedwood_beam_01.mat,
"Seyda Neen, Census and Excise Warehouse",in_c_plain_room_side,True,-272.0,-224.0,256.0,-13600.0,-11200.0,12800.0,0.0,0.0,270.0000011238745,True,Data\Materials\morrowind\tx_carvedwood_beam_01.mat,
"Seyda Neen, Census and Excise Warehouse",in_c_pillar_wood,True,-144.0,-96.0,256.0,-7200.0,-4800.0,12800.0,0.0,0.0,0.0,True,Data\Materials\morrowind\tx_wood_interior_plain.mat,
"Seyda Neen, Census and Excise Warehouse",in_c_plain_room_corner,True,-16.0,-224.0,256.0,-800.0,-11200.0,12800.0,0.0,0.0,180.000002659109,True,Data\Materials\morrowind\tx_carvedwood_beam_01.mat,
"Seyda Neen, Census and Excise Warehouse",in_c_plain_room_corner,True,-528.0,-224.0,256.0,-26400.0,-11200.0,12800.0,0.0,0.0,270.0000011238745,True,Data\Materials\morrowind\tx_carvedwood_beam_01.mat,
"Seyda Neen, Census and Excise Warehouse",in_c_pillar_wood,True,-400.0,-96.0,256.0,-20000.0,-4800.0,12800.0,0.0,0.0,0.0,True,Data\Materials\morrowind\tx_wood_interior_plain.mat,
"Seyda Neen, Census and Excise Warehouse",in_c_railing_01,True,-272.0,-90.09664,304.0,-13600.0,-4504.831999999999,15200.0,0.0,0.0,0.0,True,Data\Materials\morrowind\tx_wood_interior_plain.mat,
"Seyda Neen, Census and Excise Warehouse",barrel_01_Ingredients,False,608.22095,-266.6307,33.37081,30411.0475,-13331.535,1668.5404999999998,0.0,0.0,130.94371720341883,True,,
"Seyda Neen, Census and Excise Warehouse",barrel_01_arrows,False,551.4495,-391.55966,612.71173,27572.475,-19577.983,30635.586499999998,0.0,0.0,250.30853032503884,True,,
"Seyda Neen, Census and Excise Warehouse",barrel_01_cheapfood20,False,532.349,-386.75363,33.37081,26617.45,-19337.6815,1668.5404999999998,0.0,0.0,73.64791477202469,True,,
"Seyda Neen, Census and Excise Warehouse",barrel_01_cheapfood20,False,486.49426,-440.45505,98.33858,24324.713,-22022.752500000002,4916.929,0.0,0.0,33.540846194555265,True,,
"Seyda Neen, Census and Excise Warehouse",barrel_01_random_pos,False,479.01193,-417.17688,612.71173,23950.5965,-20858.843999999997,30635.586499999998,0.0,0.0,0.0,True,,
"Seyda Neen, Census and Excise Warehouse",barrel_01_random_pos,False,506.4559,-364.01938,612.71173,25322.795,-18200.969,30635.586499999998,0.0,0.0,0.0,True,,
"Seyda Neen, Census and Excise Warehouse",com_sack_01_saltrice_10,False,356.818,-342.563,608.759,17840.899999999998,-17128.149999999998,30437.95,0.0,0.0,229.20000311855182,True,,
"Seyda Neen, Census and Excise Warehouse",com_sack_01_saltrice_10,False,356.81787,-342.56277,590.0575,17840.893500000002,-17128.1385,29502.875,0.0,0.0,34.37747343742735,True,,
"Seyda Neen, Census and Excise Warehouse",com_sack_03_ingredients,False,507.5385,-317.0137,616.1904,25376.925,-15850.684999999998,30809.519999999997,348.54086660433535,354.27043882606563,51.56620385360527,True,,
"Seyda Neen, Census and Excise Warehouse",com_sack_03_ingredients,False,531.4187,-321.68097,617.5249,26570.934999999998,-16084.0485,30876.245,0.0,0.0,28.64788975654116,True,,
"Seyda Neen, Census and Excise Warehouse",com_sack_03_chpfood5,False,388.394,-313.158,606.132,19419.7,-15657.900000000001,30306.6,337.1000052441174,28.59999965219295,131.80000262824183,True,,
"Seyda Neen, Census and Excise Warehouse",com_sack_02_chpfood3,False,318.09836,-417.80524,673.2523,15904.918000000001,-20890.262000000002,33662.615,0.0,0.0,319.8929940365281,True,,
"Seyda Neen, Census and Excise Warehouse",furn_com_lantern_hook_02,True,411.396,-443.949,736.434,20569.8,-22197.45,36821.7,0.0,0.0,160.39999311311007,True,Data\Materials\morrowind\tx_metal_strip_01.mat,
"Seyda Neen, Census and Excise Warehouse",light_com_lantern_02,True,575.01385,-202.57587,283.2092,28750.6925,-10128.7935,14160.460000000001,0.0,0.0,45.83663793441073,True,Data\Materials\morrowind\tx_firealpha01.mat,
"Seyda Neen, Census and Excise Warehouse",light_com_lantern_02,True,409.624,-431.9767,741.8851,20481.2,-21598.835,37094.255,0.0,0.0,342.81130584176094,True,Data\Materials\morrowind\tx_firealpha01.mat,
"Seyda Neen, Census and Excise Warehouse",furn_com_lantern_hook_02,True,565.14777,-209.58499,277.7584,28257.3885,-10479.2495,13887.92,0.0,0.0,223.45344842777382,True,Data\Materials\morrowind\tx_metal_strip_01.mat,
"Seyda Neen, Census and Excise Warehouse",furn_com_lantern_hook_02,True,184.97685,-172.36697,526.90643,9248.8425,-8618.3485,26345.3215,0.0,0.0,12.422403953423478,True,Data\Materials\morrowind\tx_metal_strip_01.mat,
"Seyda Neen, Census and Excise Warehouse",light_com_lantern_02,True,180.136,-183.45908,532.35724,9006.8,-9172.954,26617.862,0.0,0.0,194.8056503444799,True,Data\Materials\morrowind\tx_firealpha01.mat,
"Seyda Neen, Census and Excise Warehouse",Light_Com_Candle_11,True,314.29492,-406.64813,85.892,15714.746,-20332.406499999997,4294.599999999999,0.0,0.0,91.70000434996433,True,Data\Materials\morrowind\tx_firealpha03.mat,
"Seyda Neen, Census and Excise Warehouse",Light_Com_Candle_11,True,413.38013,-421.02725,85.89195,20669.0065,-21051.3625,4294.5975,0.0,0.0,177.60986338009712,True,Data\Materials\morrowind\tx_firealpha03.mat,
"Seyda Neen, Census and Excise Warehouse",misc_com_bottle_05,True,451.706,-434.095,81.869,22585.3,-21704.75,4093.45,0.0,0.0,319.8999841216286,True,Data\Materials\morrowind\tx_cork_01.mat,
"Seyda Neen, Census and Excise Warehouse",misc_com_wood_cup_01,True,454.8545,-420.2121,71.56597,22742.725,-21010.605,3578.2985,0.0,0.0,0.0,True,Data\Materials\morrowind\tx_wood_interior_plain_01.mat,
"Seyda Neen, Census and Excise Warehouse",com_basket_01_ingredien,False,427.28424,-271.23877,41.952713,21364.212,-13561.9385,2097.63565,0.0,0.0,319.8929940365281,True,,
"Seyda Neen, Census and Excise Warehouse",com_basket_01_ingredien,False,384.38333,-237.39961,35.25438,19219.1665,-11869.9805,1762.7189999999998,0.0,0.0,245.40853796530052,True,,
"Seyda Neen, Census and Excise Warehouse",com_basket_01_ingredien,False,221.84457,-317.09677,32.786575,11092.228500000001,-15854.8385,1639.32875,0.0,0.0,180.000002659109,True,,
"Seyda Neen, Census and Excise Warehouse",furn_com_tapestry_04,True,-15.391246,-334.7772,208.01572,-769.5623,-16738.86,10400.786,0.0,0.0,360.0000110477959,True,Data\Materials\morrowind\tx_fabric_tapestry_04.mat,
"Seyda Neen, Census and Excise Warehouse",furn_com_tapestry_04,True,93.71178,31.593002,208.01572,4685.589,1579.6500999999998,10400.786,0.0,0.0,270.0000011238745,True,Data\Materials\morrowind\tx_fabric_tapestry_04.mat,
"Seyda Neen, Census and Excise Warehouse",furn_com_rm_bench_02,False,-13.039109,-307.42776,19.70045,-651.95545,-15371.387999999999,985.0225,0.0,0.0,0.0,True,,
"Seyda Neen, Census and Excise Warehouse",light_com_sconce_02_128,False,-112.85297,-95.84036,150.64838,-5642.6485,-4792.018,7532.419,0.0,0.0,90.00000419434348,True,,
"Seyda Neen, Census and Excise Warehouse",light_com_chandelier_03,True,-272.605,31.711,456.317,-13630.25,1585.55,22815.85,0.0,0.0,0.0,True,Data\Materials\morrowind\tx_firealpha01.mat,
"Seyda Neen, Census and Excise Warehouse",furn_com_tapestry_04,True,-160.53404,31.274015,461.53754,-8026.702,1563.70075,23076.877,0.0,0.0,270.0000011238745,True,Data\Materials\morrowind\tx_fabric_tapestry_04.mat,
"Seyda Neen, Census and Excise Warehouse",furn_com_tapestry_04,True,-127.942535,287.15503,461.53754,-6397.12675,14357.7515,23076.877,0.0,0.0,90.00000419434348,True,Data\Materials\morrowind\tx_fabric_tapestry_04.mat,
"Seyda Neen, Census and Excise Warehouse",furn_com_tapestry_04,True,-272.31802,144.57173,461.53754,-13615.901,7228.5865,23076.877,0.0,0.0,180.000002659109,True,Data\Materials\morrowind\tx_fabric_tapestry_04.mat,
"Seyda Neen, Census and Excise Warehouse",furn_com_tapestry_04,True,-527.48035,144.57173,461.53754,-26374.0175,7228.5865,23076.877,0.0,0.0,180.000002659109,True,Data\Materials\morrowind\tx_fabric_tapestry_04.mat,
"Seyda Neen, Census and Excise Warehouse",furn_com_tapestry_04,True,-640.11334,31.169725,461.53754,-32005.667,1558.48625,23076.877,0.0,0.0,90.00000419434348,True,Data\Materials\morrowind\tx_fabric_tapestry_04.mat,
"Seyda Neen, Census and Excise Warehouse",light_com_lamp_02_128,False,-357.76788,1140.1744,396.367,-17888.394,57008.72000000001,19818.350000000002,0.0,0.0,319.18301911426965,True,,
"Seyda Neen, Census and Excise Warehouse",light_com_lamp_02_128,False,-611.769,-308.978,396.367,-30588.45,-15448.9,19818.350000000002,0.0,0.0,86.69999647750797,True,,
"Seyda Neen, Census and Excise Warehouse",furn_com_tapestry_04,True,-640.11334,-224.42111,461.53754,-32005.667,-11221.0555,23076.877,0.0,0.0,90.00000419434348,True,Data\Materials\morrowind\tx_fabric_tapestry_04.mat,
"Seyda Neen, Census and Excise Warehouse",furn_com_tapestry_02,True,-383.51678,1055.1547,461.63843,-19175.839,52757.735,23081.9215,0.0,0.0,90.00000419434348,True,Data\Materials\morrowind\tx_fabric_tapestry_01.mat,
"Seyda Neen, Census and Excise Warehouse",furn_com_tapestry_02,True,-528.0502,-335.41458,461.63843,-26402.510000000002,-16770.729,23081.9215,0.0,0.0,0.0,True,Data\Materials\morrowind\tx_fabric_tapestry_01.mat,
"Seyda Neen, Census and Excise Warehouse",furn_com_rm_bench_02,False,-528.75104,-311.71033,277.81198,-26437.552,-15585.5165,13890.599,0.0,0.0,0.0,True,,
"Seyda Neen, Census and Excise Warehouse",furn_com_rm_bench_02,False,-271.64484,717.6925,277.81198,-13582.242,35884.625,13890.599,0.0,0.0,0.0,True,,
"Seyda Neen, Census and Excise Warehouse",light_com_sconce_01,True,77.54998,415.75137,399.99518,3877.4990000000003,20787.5685,19999.759000000002,0.0,0.0,270.0000011238745,True,Data\Materials\morrowind\tx_firealpha01.mat,
"Seyda Neen, Census and Excise Warehouse",light_com_sconce_01,True,77.54998,160.49239,399.99518,3877.4990000000003,8024.6195,19999.759000000002,0.0,0.0,270.0000011238745,True,Data\Materials\morrowind\tx_firealpha01.mat,
"Seyda Neen, Census and Excise Warehouse",light_com_lamp_02_128,False,75.889755,-313.65958,396.367,3794.48775,-15682.979,19818.350000000002,0.0,0.0,143.99578172016825,True,,
"Seyda Neen, Census and Excise Warehouse",light_com_lamp_02_128,False,67.63615,1130.8604,396.367,3381.8075,56543.020000000004,19818.350000000002,0.0,0.0,170.19999502132055,True,,
"Seyda Neen, Census and Excise Warehouse",light_com_sconce_02,True,-144.50392,896.522,402.31757,-7225.196,44826.100000000006,20115.8785,0.0,0.0,180.000002659109,True,Data\Materials\morrowind\tx_firealpha01.mat,
"Seyda Neen, Census and Excise Warehouse",furn_com_tapestry_04,True,-272.53848,-335.66122,461.53754,-13626.923999999999,-16783.061,23076.877,0.0,0.0,360.0000110477959,True,Data\Materials\morrowind\tx_fabric_tapestry_04.mat,
"Seyda Neen, Census and Excise Warehouse",furn_com_tapestry_04,True,-272.57166,688.0509,461.53754,-13628.583,34402.545,23076.877,0.0,0.0,360.0000110477959,True,Data\Materials\morrowind\tx_fabric_tapestry_04.mat,
"Seyda Neen, Census and Excise Warehouse",furn_com_tapestry_04,True,96.65154,-223.73978,461.53754,4832.577,-11186.989,23076.877,0.0,0.0,270.0000011238745,True,Data\Materials\morrowind\tx_fabric_tapestry_04.mat,
"Seyda Neen, Census and Excise Warehouse",furn_com_tapestry_04,True,96.65154,288.35178,461.53754,4832.577,14417.589000000002,23076.877,0.0,0.0,270.0000011238745,True,Data\Materials\morrowind\tx_fabric_tapestry_04.mat,
"Seyda Neen, Census and Excise Warehouse",furn_com_tapestry_04,True,-277.60666,1168.0413,461.53754,-13880.332999999999,58402.065,23076.877,0.0,0.0,180.000002659109,True,Data\Materials\morrowind\tx_fabric_tapestry_04.mat,
"Seyda Neen, Census and Excise Warehouse",furn_com_tapestry_02,True,-15.584892,-335.41458,461.63843,-779.2446,-16770.729,23081.9215,0.0,0.0,0.0,True,Data\Materials\morrowind\tx_fabric_tapestry_01.mat,
"Seyda Neen, Census and Excise Warehouse",furn_com_tapestry_02,True,95.51073,31.500465,461.63843,4775.5365,1575.02325,23081.9215,0.0,0.0,270.0000011238745,True,Data\Materials\morrowind\tx_fabric_tapestry_01.mat,
"Seyda Neen, Census and Excise Warehouse",furn_com_tapestry_02,True,-127.84103,31.635838,461.63843,-6392.0515000000005,1581.7919,23081.9215,0.0,0.0,90.00000419434348,True,Data\Materials\morrowind\tx_fabric_tapestry_01.mat,
"Seyda Neen, Census and Excise Warehouse",furn_com_tapestry_02,True,-127.84103,543.53406,461.63843,-6392.0515000000005,27176.702999999998,23081.9215,0.0,0.0,90.00000419434348,True,Data\Materials\morrowind\tx_fabric_tapestry_01.mat,
"Seyda Neen, Census and Excise Warehouse",furn_com_rm_bench_02,False,-16.687912,-311.71033,277.81198,-834.3956000000001,-15585.5165,13890.599,0.0,0.0,0.0,True,,
"Seyda Neen, Census and Excise Warehouse",furn_de_rug_big_06,False,-143.59378,1057.2161,253.71906,-7179.689,52860.80500000001,12685.953000000001,0.0,0.0,360.0000110477959,True,,
"Seyda Neen, Census and Excise Warehouse",furn_de_rug_big_06,False,-527.88007,6.427387,253.899,-26394.003500000003,321.36935,12694.95,0.0,0.0,90.00000419434348,True,,
"Seyda Neen, Census and Excise Warehouse",furn_de_rug_big_06,False,-444.1781,-222.48352,254.45665,-22208.905,-11124.176,12722.8325,0.0,0.0,360.0000110477959,True,,
"Seyda Neen, Census and Excise Warehouse",furn_de_rug_big_06,False,-101.657616,-222.48352,253.71906,-5082.8808,-11124.176,12685.953000000001,0.0,0.0,360.0000110477959,True,,
"Seyda Neen, Census and Excise Warehouse",furn_de_rug_big_06,False,-19.255419,80.367516,253.71906,-962.77095,4018.3758,12685.953000000001,0.0,0.0,90.00000419434348,True,,
"Seyda Neen, Census and Excise Warehouse",furn_de_rug_big_06,False,-19.255419,440.5113,253.71906,-962.77095,22025.565,12685.953000000001,0.0,0.0,90.00000419434348,True,,
"Seyda Neen, Census and Excise Warehouse",furn_com_rm_bookshelf_02,False,-26.196898,1139.98,347.24323,-1309.8449,56999.0,17362.1615,0.0,0.0,0.0,True,,
"Seyda Neen, Census and Excise Warehouse",furn_com_tapestry_04,True,96.65154,799.842,461.53754,4832.577,39992.1,23076.877,0.0,0.0,270.0000011238745,True,Data\Materials\morrowind\tx_fabric_tapestry_04.mat,
"Seyda Neen, Census and Excise Warehouse",furn_com_tapestry_02,True,96.04836,544.5301,461.63843,4802.418,27226.504999999997,23081.9215,0.0,0.0,270.0000011238745,True,Data\Materials\morrowind\tx_fabric_tapestry_01.mat,
"Seyda Neen, Census and Excise Warehouse",furn_com_tapestry_02,True,96.04836,1058.528,461.63843,4802.418,52926.4,23081.9215,0.0,0.0,270.0000011238745,True,Data\Materials\morrowind\tx_fabric_tapestry_01.mat,
"Seyda Neen, Census and Excise Warehouse",furn_com_rm_table_04,False,-260.21356,1119.4258,285.04868,-13010.677999999998,55971.29,14252.434,0.0,0.0,0.0,True,,
"Seyda Neen, Census and Excise Warehouse",furn_com_rm_chair_03,False,-348.49155,928.65625,298.24667,-17424.5775,46432.8125,14912.3335,0.0,0.0,270.0000011238745,True,,
"Seyda Neen, Census and Excise Warehouse",furn_de_rug_big_06,False,-19.255419,800.86633,253.71906,-962.77095,40043.3165,12685.953000000001,0.0,0.0,90.00000419434348,True,,
"Seyda Neen, Census and Excise Warehouse",Furn_Com_Planter,True,-146.89262,1111.2616,270.7122,-7344.630999999999,55563.08,13535.61,0.0,0.0,0.0,True,Data\Materials\morrowind\tx_bc_bank.mat,
"Seyda Neen, Census and Excise Warehouse",flora_bc_fern_03,True,-148.14581,1108.9231,301.18628,-7407.290500000001,55446.155,15059.314,0.0,0.0,5.729577951308233,True,Data\Materials\morrowind\tx_bc_fern_01.mat,
"Seyda Neen, Census and Excise Warehouse",furn_com_rm_chair_03,False,-274.35333,1087.6158,297.135,-13717.666500000001,54380.79,14856.75,0.0,0.0,203.75489587059036,True,,
"Seyda Neen, Census and Excise Warehouse",Misc_Com_Bottle_04,True,-211.753,1124.2,331.972,-10587.65,56210.0,16598.6,0.0,0.0,296.10000486124835,True,Data\Materials\morrowind\tx_cork_01.mat,
"Seyda Neen, Census and Excise Warehouse",misc_com_metal_goblet_02,True,-203.55939,1104.2639,319.9928,-10177.969500000001,55213.19499999999,15999.64,0.0,0.0,302.7042831009151,True,Data\Materials\morrowind\tx_metal_pewter_01.mat,
"Seyda Neen, Census and Excise Warehouse",misc_com_metal_goblet_02,True,-224.1642,1109.67,319.9928,-11208.21,55483.5,15999.64,0.0,0.0,0.0,True,Data\Materials\morrowind\tx_metal_pewter_01.mat,
"Seyda Neen, Census and Excise Warehouse",Gold_100,True,-303.138,1143.932,313.768,-15156.9,57196.6,15688.399999999998,0.0,0.0,251.09999130492074,True,Data\Materials\morrowind\tx_coinside_01.mat,
"Seyda Neen, Census and Excise Warehouse",Misc_Com_Pitcher_Metal_01,True,-238.68,1139.936,330.451,-11934.0,56996.799999999996,16522.550000000003,0.0,0.0,194.8000009806199,True,Data\Materials\morrowind\tx_metal_pewter_04.mat,
"Seyda Neen, Census and Excise Warehouse",misc_com_redware_pitcher,False,-74.66916,1143.3516,368.29034,-3733.458,57167.58,18414.517,0.0,0.0,245.40853796530052,True,,
"Seyda Neen, Census and Excise Warehouse",Misc_Com_Redware_Cup,False,-7.4977846,1142.9678,314.61407,-374.88923,57148.38999999999,15730.703500000001,0.0,0.0,34.37746770784939,True,,
"Seyda Neen, Census and Excise Warehouse",Misc_Com_Redware_Cup,False,-45.98439,1145.2543,314.61407,-2299.2194999999997,57262.715000000004,15730.703500000001,0.0,0.0,80.21410277747115,True,,
"Seyda Neen, Census and Excise Warehouse",Misc_Com_Redware_Cup,False,-35.124695,1139.5353,314.61407,-1756.23475,56976.765,15730.703500000001,0.0,0.0,34.37746770784939,True,,
"Seyda Neen, Census and Excise Warehouse",Misc_Com_Redware_Cup,False,-21.273344,1147.757,314.61407,-1063.6672,57387.850000000006,15730.703500000001,0.0,0.0,34.37746770784939,True,,
"Seyda Neen, Census and Excise Warehouse",misc_com_redware_flask,False,9.267346,1149.6075,363.42615,463.3673,57480.375,18171.3075,0.0,0.0,337.0817278904527,True,,
"Seyda Neen, Census and Excise Warehouse",misc_com_redware_flask,False,33.518387,1146.9033,363.42615,1675.91935,57345.16499999999,18171.3075,0.0,0.0,279.78600567314993,True,,
"Seyda Neen, Census and Excise Warehouse",misc_com_redware_flask,False,22.898409,1141.0831,363.42615,1144.92045,57054.155000000006,18171.3075,0.0,0.0,337.0817278904527,True,,
"Seyda Neen, Census and Excise Warehouse",misc_com_plate_01,True,24.430689,1150.7839,281.21808,1221.53445,57539.19499999999,14060.903999999999,296.97471087918484,0.0,85.94367499920143,True,Data\Materials\morrowind\tx_plate_brown.mat,
"Seyda Neen, Census and Excise Warehouse",misc_com_plate_01,True,-76.19,1150.784,281.21616,-3809.5,57539.200000000004,14060.808,296.99998404752813,0.0,0.0,True,Data\Materials\morrowind\tx_plate_brown.mat,
"Seyda Neen, Census and Excise Warehouse",misc_com_plate_01,True,-41.746918,1150.7834,281.21497,-2087.3459000000003,57539.17,14060.7485,296.99998404752813,0.0,85.90705153693668,True,Data\Materials\morrowind\tx_plate_brown.mat,
"Seyda Neen, Census and Excise Warehouse",misc_com_plate_01,True,-7.9549494,1150.7839,281.21808,-397.74747,57539.19499999999,14060.903999999999,296.97471087918484,0.0,85.94367499920143,True,Data\Materials\morrowind\tx_plate_brown.mat,
"Seyda Neen, Census and Excise Warehouse",misc_com_redware_platter,False,-26.957,1145.879,367.317,-1347.8500000000001,57293.95,18365.85,296.99998404752813,0.0,0.0,True,,
"Seyda Neen, Census and Excise Warehouse",misc_com_redware_bowl,False,22.525452,1136.2797,315.3201,1126.2726,56813.985,15766.005000000001,0.0,0.0,17.188733853924695,True,,
"Seyda Neen, Census and Excise Warehouse",misc_com_redware_bowl,False,-74.641205,1136.2797,315.3201,-3732.06025,56813.985,15766.005000000001,0.0,0.0,17.188733853924695,True,,
"Seyda Neen, Census and Excise Warehouse",misc_com_plate_02,True,24.85574,1149.6702,405.18954,1242.787,57483.51,20259.477000000003,302.69999737660754,0.0,0.0,True,Data\Materials\morrowind\tx_plate_blue.mat,
"Seyda Neen, Census and Excise Warehouse",misc_com_plate_02,True,-76.77136,1149.6702,405.18954,-3838.568,57483.51,20259.477000000003,302.69999737660754,0.0,0.0,True,Data\Materials\morrowind\tx_plate_blue.mat,
"Seyda Neen, Census and Excise Warehouse",misc_com_plate_02,True,-42.407677,1149.6702,405.18954,-2120.38385,57483.51,20259.477000000003,302.69999737660754,0.0,0.0,True,Data\Materials\morrowind\tx_plate_blue.mat,
"Seyda Neen, Census and Excise Warehouse",misc_com_plate_02,True,-7.9490156,1149.6702,405.18954,-397.45078,57483.51,20259.477000000003,302.69999737660754,0.0,0.0,True,Data\Materials\morrowind\tx_plate_blue.mat,
"Seyda Neen, Census and Excise Warehouse",misc_com_basket_01,True,29.056461,1147.6753,448.45032,1452.82305,57383.76500000001,22422.516,0.0,0.0,5.729572508209179,True,Data\Materials\morrowind\tx_straw_woven.mat,
"Seyda Neen, Census and Excise Warehouse",Furn_Com_Kegstand,True,-477.03625,71.2854,64.97747,-23851.8125,3564.27,3248.8734999999997,0.0,0.0,0.0,True,Data\Materials\morrowind\tx_metal_iron_rusty.mat,
"Seyda Neen, Census and Excise Warehouse",Furn_Com_Kegstand,True,-577.6736,71.2854,64.97747,-28883.679999999997,3564.27,3248.8734999999997,0.0,0.0,0.0,True,Data\Materials\morrowind\tx_metal_iron_rusty.mat,
"Seyda Neen, Census and Excise Warehouse",misc_com_bucket_01,True,-474.879,21.461,17.792,-23743.95,1073.05,889.6000000000001,0.0,0.0,325.59999745070814,True,Data\Materials\morrowind\tx_metal_strip_02.mat,
"Seyda Neen, Census and Excise Warehouse",misc_com_bucket_01,True,-578.8091,15.407009,17.791924,-28940.454999999998,770.35045,889.5962000000001,0.0,0.0,245.40842337374147,True,Data\Materials\morrowind\tx_metal_strip_02.mat,
"Seyda Neen, Census and Excise Warehouse",furn_com_p_bench_01,False,-604.50793,-229.53725,22.170765,-30225.3965,-11476.8625,1108.53825,0.0,0.0,90.00000419434348,True,,
"Seyda Neen, Census and Excise Warehouse",furn_com_tapestry_05,True,-530.39154,-333.58954,208.85387,-26519.576999999997,-16679.477,10442.6935,0.0,0.0,360.0000110477959,True,Data\Materials\morrowind\tx_fabric_tapestry_02.mat,
"Seyda Neen, Census and Excise Warehouse",furn_com_torch_ring_01,True,-426.93048,-92.13419,138.37387,-21346.523999999998,-4606.7095,6918.6935,0.0,0.0,89.99996981687576,True,Data\Materials\morrowind\tx_metal_iron_rusty_01.mat,
"Seyda Neen, Census and Excise Warehouse",furn_com_tapestry_05,True,-640.4482,-228.67572,208.85387,-32022.410000000003,-11433.786,10442.6935,0.0,0.0,90.00000419434348,True,Data\Materials\morrowind\tx_fabric_tapestry_02.mat,
"Seyda Neen, Census and Excise Warehouse",furn_com_tapestry_05,True,-266.95267,-115.154724,208.85387,-13347.6335,-5757.7362,10442.6935,0.0,0.0,180.000002659109,True,Data\Materials\morrowind\tx_fabric_tapestry_02.mat,
"Seyda Neen, Census and Excise Warehouse",furn_com_tapestry_05,True,-273.6997,-333.58954,208.85387,-13684.985,-16679.477,10442.6935,0.0,0.0,360.0000110477959,True,Data\Materials\morrowind\tx_fabric_tapestry_02.mat,
"Seyda Neen, Census and Excise Warehouse",misc_com_bottle_05,True,-604.55475,-72.95739,80.90115,-30227.7375,-3647.8695000000002,4045.0575,0.0,0.0,309.2704481880498,True,Data\Materials\morrowind\tx_cork_01.mat,
"Seyda Neen, Census and Excise Warehouse",misc_com_bottle_05,True,-606.48676,-61.258324,80.90115,-30324.338,-3062.9162,4045.0575,0.0,0.0,326.4591648532406,True,Data\Materials\morrowind\tx_cork_01.mat,
"Seyda Neen, Census and Excise Warehouse",light_com_torch_01,True,-436.1279,-91.94162,121.66821,-21806.395,-4597.081,6083.4105,0.0,0.0,0.0,True,Data\Materials\morrowind\tx_firealpha10.mat,
"Seyda Neen, Census and Excise Warehouse",misc_com_bottle_06,True,-591.8829,-77.90892,68.399536,-29594.144999999997,-3895.446,3419.9768,90.00000419434348,326.4591648532406,171.88736718713673,True,Data\Materials\morrowind\tx_glass_bottle_blue.mat,
"Seyda Neen, Census and Excise Warehouse",com_chest_02_empty,False,-347.92175,1011.7033,277.24695,-17396.087499999998,50585.165,13862.347500000002,0.0,0.0,270.0000011238745,True,,
"Seyda Neen, Draren Thiralas' House",ex_nord_door_01,True,-87.572,-144.0,-16.0,-4378.6,-7200.0,-800.0,0.0,0.0,180.000002659109,False,Data\Materials\morrowind\tx_hinge_01.mat,
"Seyda Neen, Draren Thiralas' House",in_nord_house_03,True,0.0,0.0,128.0,0.0,0.0,6400.0,0.0,0.0,0.0,True,Data\Materials\morrowind\tx_thatch_01.mat,
"Seyda Neen, Draren Thiralas' House",in_nord_doorf_01,True,-103.5716,-160.0,-32.0,-5178.58,-8000.0,-1600.0,0.0,0.0,0.0,True,Data\Materials\morrowind\tx_wood_brown_posts_02.mat,
"Seyda Neen, Draren Thiralas' House",light_com_chandelier_01,True,-4.310633,30.254011,104.73641,-215.53165,1512.70055,5236.820500000001,0.0,0.0,0.0,True,Data\Materials\morrowind\tx_firealpha01.mat,
"Seyda Neen, Draren Thiralas' House",in_nord_fireplace_01,True,-239.72527,127.20404,144.86879,-11986.2635,6360.202,7243.4394999999995,0.0,0.0,0.0,True,Data\Materials\morrowind\tx_metal_strip_01.mat,
"Seyda Neen, Draren Thiralas' House",com_cupboard_01_pos,False,-88.12679,208.22308,12.011313,-4406.3395,10411.154,600.56565,0.0,0.0,0.0,True,,
"Seyda Neen, Draren Thiralas' House",misc_com_bucket_01,True,-221.10406,19.680733,-108.579956,-11055.203,984.03665,-5428.9978,0.0,0.0,217.72394496097897,True,Data\Materials\morrowind\tx_metal_strip_02.mat,
"Seyda Neen, Draren Thiralas' House",misc_com_broom_01,True,-169.8096,201.2303,-67.25388,-8490.48,10061.515,-3362.694,197.18875370176752,180.000002659109,270.0000011238745,True,Data\Materials\morrowind\tx_rope_heavy.mat,
"Seyda Neen, Draren Thiralas' House",furn_com_p_table_01,False,136.31174,-96.26974,-92.43889,6815.5869999999995,-4813.487,-4621.9445,0.0,0.0,354.27043882606563,True,,
"Seyda Neen, Draren Thiralas' House",furn_com_p_bench_01,False,124.88974,-33.6755,-104.20113,6244.487,-1683.775,-5210.056500000001,0.0,0.0,354.27043882606563,True,,
"Seyda Neen, Draren Thiralas' House",misc_com_bottle_11,True,98.4375,-121.45782,-43.6601,4921.875,-6072.891,-2183.005,0.0,0.0,103.13241458270409,True,Data\Materials\morrowind\tx_glass_bottle_brown.mat,
"Seyda Neen, Draren Thiralas' House",misc_com_bottle_11,True,181.86258,-93.262054,-43.6601,9093.129,-4663.1027,-2183.005,0.0,0.0,274.0563704260622,True,Data\Materials\morrowind\tx_glass_bottle_brown.mat,
"Seyda Neen, Draren Thiralas' House",Misc_Com_Wood_Bowl_01,True,127.222,-71.732,-56.995,6361.099999999999,-3586.6,-2849.75,0.0,0.0,0.0,True,Data\Materials\morrowind\tx_wood_interior_plain_01.mat,
"Seyda Neen, Draren Thiralas' House",misc_com_wood_knife,True,113.37097,-74.33735,-59.12993,5668.5485,-3716.8675,-2956.4965,0.0,0.0,80.2140970478932,True,Data\Materials\morrowind\tx_metal_pewter_01.mat,
"Seyda Neen, Draren Thiralas' House",misc_com_wood_fork,True,144.85474,-72.83906,-58.690456,7242.736999999999,-3641.953,-2934.5227999999997,0.0,0.0,91.67324722093173,True,Data\Materials\morrowind\tx_wood_interior_plain_01.mat,
"Seyda Neen, Draren Thiralas' House",misc_com_wood_spoon_01,True,107.40528,-73.68363,-58.97209,5370.264,-3684.1814999999997,-2948.6045,0.0,0.0,74.48452482616293,True,Data\Materials\morrowind\tx_wood_interior_plain_01.mat,
"Seyda Neen, Draren Thiralas' House",Com_Sack_02_Ingred,False,217.86693,13.968481,-96.272484,10893.3465,698.4240500000001,-4813.6242,0.0,0.0,325.62254906952444,True,,
"Seyda Neen, Draren Thiralas' House",furn_log_01,True,-219.8428,121.94454,-96.749626,-10992.140000000001,6097.227,-4837.4813,0.0,0.0,11.45915532965867,True,Data\Materials\morrowind\tx_wood_brown_posts_02.mat,
"Seyda Neen, Draren Thiralas' House",misc_com_redware_pitcher,False,180.37122,-109.63216,-42.84321,9018.561,-5481.608,-2142.1605,0.0,0.0,45.83662934004381,True,,
"Seyda Neen, Draren Thiralas' House",ex_nord_win_01,True,45.73105,-170.03885,25.71461,2286.5525000000002,-8501.9425,1285.7305000000001,0.0,0.0,180.000002659109,True,Data\Materials\morrowind\tx_hinge_01.mat,
"Seyda Neen, Draren Thiralas' House",ex_nord_win_01,True,164.55093,-170.03885,25.71461,8227.5465,-8501.9425,1285.7305000000001,0.0,0.0,180.000002659109,True,Data\Materials\morrowind\tx_hinge_01.mat,
"Seyda Neen, Draren Thiralas' House",barrel_01_cheapfood5,False,-222.31151,-121.374405,-93.00099,-11115.575499999999,-6068.720249999999,-4650.0495,0.0,0.0,0.0,True,,
"Seyda Neen, Draren Thiralas' House",active_com_bed_03,False,130.92413,142.26118,-97.58295,6546.206499999999,7113.059,-4879.1475,0.0,0.0,0.0,True,,
"Seyda Neen, Draren Thiralas' House",misc_uni_pillow_01,False,200.01654,142.39252,-70.78,10000.827,7119.625999999999,-3539.0,0.0,0.0,178.59999747544066,True,,
"Seyda Neen, Draren Thiralas' House",Misc_Com_Bottle_14,True,-72.46107,213.12413,56.022057,-3623.0535000000004,10656.2065,2801.1028499999998,0.0,0.0,246.37183471752013,True,Data\Materials\morrowind\tx_cork_01.mat,
"Seyda Neen, Draren Thiralas' House",Misc_Com_Bottle_14,True,-60.64945,208.57738,56.022057,-3032.4725,10428.869,2801.1028499999998,0.0,0.0,108.86199253401232,True,Data\Materials\morrowind\tx_cork_01.mat,
"Seyda Neen, Draren Thiralas' House",furn_com_cauldron_01,True,-158.8479,117.64622,-82.19893,-7942.395,5882.311,-4109.9465,0.0,0.0,0.0,True,Data\Materials\morrowind\tx_metal_iron_rusty.mat,
"Seyda Neen, Draren Thiralas' House",furn_log_01,True,-224.26167,116.70958,-107.15062,-11213.0835,5835.479,-5357.531,0.0,0.0,0.0,True,Data\Materials\morrowind\tx_wood_brown_posts_02.mat,
"Seyda Neen, Draren Thiralas' House",furn_log_01,True,-212.34831,122.02503,-107.15062,-10617.4155,6101.2515,-5357.531,0.0,0.0,0.0,True,Data\Materials\morrowind\tx_wood_brown_posts_02.mat,
"Seyda Neen, Draren Thiralas' House",misc_com_iron_ladle,True,-152.02678,119.647156,-105.73394,-7601.339,5982.3578,-5286.697,0.0,0.0,331.3521499391445,True,Data\Materials\morrowind\tx_metal_strip_02.mat,
"Seyda Neen, Draren Thiralas' House",misc_com_redware_plate,False,162.06848,-93.10765,-57.96865,8103.424,-4655.382500000001,-2898.4325,0.0,0.0,0.0,True,,
"Seyda Neen, Draren Thiralas' House",misc_com_wood_cup_01,True,118.29115,-90.183784,-53.04029,5914.5575,-4509.1892,-2652.0144999999998,0.0,0.0,0.0,True,Data\Materials\morrowind\tx_wood_interior_plain_01.mat,
"Seyda Neen, Draren Thiralas' House",Light_Com_Candle_01_64,False,137.54636,-107.028496,-52.02,6877.317999999999,-5351.4248,-2601.0,0.0,0.0,291.20001250151006,True,,
"Seyda Neen, Draren Thiralas' House",com_sack_01_saltrice_5,False,-28.607477,174.85655,-104.632195,-1430.37385,8742.8275,-5231.60975,0.0,0.0,189.07608385232757,True,,
"Seyda Neen, Draren Thiralas' House",com_sack_01_saltrice_5,False,-27.60013,173.15392,-119.04822,-1380.0065,8657.696,-5952.411,0.0,0.0,0.0,True,,
"Seyda Neen, Draren Thiralas' House",com_sack_03_chpfood5,False,-101.942764,196.86456,-92.449684,-5097.138199999999,9843.228000000001,-4622.4842,22.918315815937493,0.0,268.3268211226437,True,,
"Seyda Neen, Draren Thiralas' House",Com_Sack_02_Ingred,False,-226.111,-51.794,-33.966446,-11305.55,-2589.7,-1698.3222999999998,0.0,0.0,342.8000185731969,True,,
"Seyda Neen, Draren Thiralas' House",com_sack_03_chpfood5,False,-105.20335,173.33035,-94.65267,-5260.1675,8666.5175,-4732.6335,22.918315815937493,0.0,268.3268211226437,True,,
"Seyda Neen, Draren Thiralas' House",com_chest_01_misc06,False,8.556,-119.485,-109.701,427.79999999999995,-5974.25,-5485.049999999999,0.0,0.0,177.599997046865,True,,
"Seyda Neen, Draren Thiralas' House",furn_com_p_shelf_03,False,241.86522,147.74687,-26.24498,12093.261,7387.3435,-1312.249,0.0,0.0,90.00000419434348,True,,
"Seyda Neen, Draren Thiralas' House",light_com_candle_01_off,False,236.37785,178.99103,-3.090929,11818.8925,8949.5515,-154.54645,0.0,0.0,104.67887923796374,True,,
"Seyda Neen, Draren Thiralas' House",misc_com_metal_plate_05,True,-102.64283,215.14764,53.037308,-5132.1415,10757.382,2651.8654,296.97471087918484,0.0,0.0,True,Data\Materials\morrowind\tx_metal_pewter_03.mat,
"Seyda Neen, Draren Thiralas' House",Misc_Com_Redware_Cup,False,235.56154,131.50117,-5.7181916,11778.077000000001,6575.0585,-285.90958,0.0,0.0,319.8929940365281,True,,
"Seyda Neen, Draren Thiralas' House",Misc_Com_Redware_Cup,False,241.06465,145.73584,-5.7181916,12053.2325,7286.7919999999995,-285.90958,0.0,0.0,0.0,True,,
"Seyda Neen, Draren Thiralas' House",misc_com_redware_flask,False,242.12735,160.22234,1.2214203,12106.3675,8011.117,61.071014999999996,0.0,0.0,291.2451386574546,True,,
"Seyda Neen, Draren Thiralas' House",Light_Com_Candle_11,True,-227.04,-124.974,-42.804,-11352.0,-6248.7,-2140.2000000000003,0.0,0.0,251.09999130492074,True,Data\Materials\morrowind\tx_firealpha03.mat,
"Seyda Neen, Draren Thiralas' House",furn_de_tapestry_03,True,255.28484,-86.47076,107.45307,12764.242,-4323.538,5372.653499999999,0.0,0.0,270.0000011238745,True,Data\Materials\morrowind\tx_de_tapestry_03.mat,
"Seyda Neen, Draren Thiralas' House",furn_de_tapestry_03,True,-265.0069,-54.299442,107.45307,-13250.345,-2714.9721,5372.653499999999,0.0,0.0,90.00000419434348,True,Data\Materials\morrowind\tx_de_tapestry_03.mat,
"Seyda Neen, Draren Thiralas' House",furn_de_tapestry_03,True,158.85713,222.9846,107.45307,7942.856500000001,11149.23,5372.653499999999,0.0,0.0,180.000002659109,True,Data\Materials\morrowind\tx_de_tapestry_03.mat,
"Seyda Neen, Draren Thiralas' House",furn_de_tapestry_03,True,255.28484,39.537895,107.45307,12764.242,1976.89475,5372.653499999999,0.0,0.0,270.0000011238745,True,Data\Materials\morrowind\tx_de_tapestry_03.mat,
"Seyda Neen, Draren Thiralas' House",furn_de_tapestry_03,True,32.640274,222.9846,107.45307,1632.0137,11149.23,5372.653499999999,0.0,0.0,180.000002659109,True,Data\Materials\morrowind\tx_de_tapestry_03.mat,
"Seyda Neen, Draren Thiralas' House",furn_de_rug_big_05,False,27.85545,19.995602,-128.21373,1392.7725,999.7801000000001,-6410.6865,0.0,0.0,0.0,True,,
"Seyda Neen, Eldafire's House",ex_nord_door_01,True,144.0,-352.0,0.0,7200.0,-17600.0,0.0,0.0,0.0,180.000002659109,False,Data\Materials\morrowind\tx_hinge_01.mat,
"Seyda Neen, Eldafire's House",in_nord_house_02,True,0.0,0.0,128.0,0.0,0.0,6400.0,0.0,0.0,0.0,True,Data\Materials\morrowind\_left_01.mat,
"Seyda Neen, Eldafire's House",in_nord_fireplace_01,True,-371.0041,-51.58654,142.69806,-18550.204999999998,-2579.3269999999998,7134.903,0.0,0.0,0.0,True,Data\Materials\morrowind\tx_metal_strip_01.mat,
"Seyda Neen, Eldafire's House",in_nord_fireplace_01,True,359.78528,11.324521,142.69806,17989.264,566.22605,7134.903,0.0,0.0,180.000002659109,True,Data\Materials\morrowind\tx_metal_strip_01.mat,
"Seyda Neen, Eldafire's House",ex_nord_win_01,True,-280.99316,-184.86491,31.586327,-14049.658,-9243.2455,1579.31635,0.0,0.0,180.000002659109,True,Data\Materials\morrowind\tx_hinge_01.mat,
"Seyda Neen, Eldafire's House",ex_nord_win_01,True,-156.45407,-184.86491,31.586327,-7822.7035,-9243.2455,1579.31635,0.0,0.0,180.000002659109,True,Data\Materials\morrowind\tx_hinge_01.mat,
"Seyda Neen, Eldafire's House",in_nord_doorf_01,True,128.0,-368.0,-16.0,6400.0,-18400.0,-800.0,0.0,0.0,0.0,True,Data\Materials\morrowind\tx_wood_brown_posts_02.mat,
"Seyda Neen, Eldafire's House",Com_Sack_02_Gold_05,False,-284.30948,-134.72383,-99.627365,-14215.474,-6736.1915,-4981.3682499999995,0.0,0.0,314.1634275443757,True,,
"Seyda Neen, Eldafire's House",Com_Sack_02_Ingred,False,-241.52988,-113.620384,-99.627365,-12076.493999999999,-5681.0192,-4981.3682499999995,0.0,0.0,0.0,True,,
"Seyda Neen, Eldafire's House",com_sack_01_ingred,False,-171.71774,-129.63478,-117.779434,-8585.886999999999,-6481.7390000000005,-5888.9717,0.0,0.0,342.81130584176094,True,,
"Seyda Neen, Eldafire's House",com_sack_01_saltrice_10,False,-169.46643,-130.45734,-103.367775,-8473.3215,-6522.866999999999,-5168.38875,0.0,0.0,0.0,True,,
"Seyda Neen, Eldafire's House",com_basket_01_chpfood5,False,266.19934,-257.64395,-85.59207,13309.967,-12882.1975,-4279.6035,0.0,0.0,154.6986046853223,True,,
"Seyda Neen, Eldafire's House",furn_com_p_table_01,False,120.85969,-5.7472386,-91.84909,6042.9845000000005,-287.36193000000003,-4592.4545,0.0,0.0,268.3268211226437,True,,
"Seyda Neen, Eldafire's House",furn_com_p_bench_01,False,57.823578,-3.0309105,-108.73558,2891.1789,-151.545525,-5436.7789999999995,0.0,0.0,268.3268211226437,True,,
"Seyda Neen, Eldafire's House",furn_com_p_bench_01,False,183.67374,-0.65483254,-109.30038,9183.687,-32.741627,-5465.019,0.0,0.0,90.70991609124441,True,,
"Seyda Neen, Eldafire's House",com_cupboard_tankard,False,259.42392,195.47884,14.729834,12971.196,9773.942,736.4917,0.0,0.0,0.0,True,,
"Seyda Neen, Eldafire's House",com_cupboard_wood_bowls,False,135.19536,198.28177,14.91837,6759.768,9914.0885,745.9185,0.0,0.0,0.0,True,,
"Seyda Neen, Eldafire's House",furn_com_p_shelf_03,False,370.25702,139.33801,-14.920986,18512.851000000002,6966.9005,-746.0492999999999,0.0,0.0,90.00000419434348,True,,
"Seyda Neen, Eldafire's House",misc_com_redware_flask,False,303.29233,-264.52347,11.183714,15164.6165,-13226.173499999999,559.1857,0.0,0.0,0.0,True,,
"Seyda Neen, Eldafire's House",misc_com_redware_flask,False,300.02798,-239.9044,11.183714,15001.399000000001,-11995.220000000001,559.1857,0.0,0.0,0.0,True,,
"Seyda Neen, Eldafire's House",misc_com_redware_flask,False,306.84534,-248.27423,11.183714,15342.267000000002,-12413.7115,559.1857,0.0,0.0,0.0,True,,
"Seyda Neen, Eldafire's House",Misc_Com_Pitcher_Metal_01,True,111.63307,21.83406,-45.083286,5581.6535,1091.703,-2254.1643,0.0,0.0,296.97471087918484,True,Data\Materials\morrowind\tx_metal_pewter_04.mat,
"Seyda Neen, Eldafire's House",misc_com_metal_plate_05,True,94.108,-28.281,-57.566,4705.400000000001,-1414.05,-2878.3,0.0,0.0,103.13241458270409,True,Data\Materials\morrowind\tx_metal_pewter_03.mat,
"Seyda Neen, Eldafire's House",misc_com_metal_plate_05,True,285.80017,197.33354,50.98846,14290.0085,9866.677,2549.4230000000002,308.43385532264546,0.0,68.75493541569878,True,Data\Materials\morrowind\tx_metal_pewter_03.mat,
"Seyda Neen, Eldafire's House",misc_com_bucket_01,True,347.51672,-131.9543,-107.99019,17375.836,-6597.714999999999,-5399.5095,0.0,0.0,17.188733853924695,True,Data\Materials\morrowind\tx_metal_strip_02.mat,
"Seyda Neen, Eldafire's House",misc_com_broom_01,True,361.50977,-80.731766,-64.878235,18075.4885,-4036.5882999999994,-3243.91175,0.0,343.64788151843146,309.2704481880498,True,Data\Materials\morrowind\tx_rope_heavy.mat,
"Seyda Neen, Eldafire's House",misc_com_bottle_15,True,145.83461,25.681711,-41.173477,7291.7305,1284.08555,-2058.67385,0.0,0.0,57.29577951308232,True,Data\Materials\morrowind\tx_cork_01.mat,
"Seyda Neen, Eldafire's House",misc_com_metal_goblet_01,True,104.15331,-3.571696,-52.477608,5207.6655,-178.5848,-2623.8804,0.0,0.0,0.0,True,Data\Materials\morrowind\tx_metal_pewter_04.mat,
"Seyda Neen, Eldafire's House",misc_com_metal_goblet_01,True,142.25325,-35.86725,-52.477608,7112.6625,-1793.3625,-2623.8804,0.0,0.0,0.0,True,Data\Materials\morrowind\tx_metal_pewter_04.mat,
"Seyda Neen, Eldafire's House",barrel_01_cheapfood5,False,-10.336878,-193.92377,-92.411255,-516.8439000000001,-9696.1885,-4620.56275,0.0,0.0,5.729577951308233,True,,
"Seyda Neen, Eldafire's House",barrel_01_empty,False,332.40567,124.46059,-92.4112,16620.283499999998,6223.0295,-4620.5599999999995,0.0,0.0,0.0,True,,
"Seyda Neen, Eldafire's House",furn_com_cauldron_02,True,331.73886,18.648792,-91.40811,16586.943,932.4396,-4570.4055,0.0,0.0,148.0057586296842,True,Data\Materials\morrowind\tx_metal_iron_rusty.mat,
"Seyda Neen, Eldafire's House",active_com_bunk_02,False,-260.78928,130.48091,-54.688057,-13039.464000000002,6524.0455,-2734.40285,0.0,0.0,180.000002659109,True,,
"Seyda Neen, Eldafire's House",misc_uni_pillow_01,False,-325.53802,133.77231,18.225075,-16276.901000000002,6688.6155,911.25375,0.0,0.0,354.27043882606563,True,,
"Seyda Neen, Eldafire's House",misc_uni_pillow_01,False,-325.53802,133.77231,-75.114815,-16276.901000000002,6688.6155,-3755.7407499999995,0.0,0.0,5.729577951308233,True,,
"Seyda Neen, Eldafire's House",misc_com_wood_bowl_04,True,121.09022,-46.005215,-53.99007,6054.511,-2300.26075,-2699.5035000000003,0.0,0.0,0.0,True,Data\Materials\morrowind\tx_wood_interior_plain_01.mat,
"Seyda Neen, Eldafire's House",furn_log_04,True,-345.63727,-56.768093,-103.02422,-17281.8635,-2838.40465,-5151.211,0.0,0.0,171.88737864629263,True,Data\Materials\morrowind\tx_wood_brown_posts_02.mat,
"Seyda Neen, Eldafire's House",furn_log_04,True,-303.5526,30.570482,-120.78113,-15177.63,1528.5240999999999,-6039.056500000001,0.0,0.0,86.90694310353128,True,Data\Materials\morrowind\tx_wood_brown_posts_02.mat,
"Seyda Neen, Eldafire's House",furn_log_04,True,-340.5573,-55.39662,-111.19537,-17027.865,-2769.831,-5559.7685,0.0,0.0,0.0,True,Data\Materials\morrowind\tx_wood_brown_posts_02.mat,
"Seyda Neen, Eldafire's House",furn_log_04,True,-306.13635,60.597298,-120.78113,-15306.8175,3029.8649,-6039.056500000001,0.0,0.0,91.67324722093173,True,Data\Materials\morrowind\tx_wood_brown_posts_02.mat,
"Seyda Neen, Eldafire's House",furn_log_04,True,-305.46548,44.32567,-120.78113,-15273.274000000001,2216.2835,-6039.056500000001,0.0,0.0,269.29012360444125,True,Data\Materials\morrowind\tx_wood_brown_posts_02.mat,
"Seyda Neen, Eldafire's House",furn_log_04,True,-305.87167,35.956028,-113.39558,-15293.5835,1797.8014000000003,-5669.7789999999995,0.0,0.0,264.523802298307,True,Data\Materials\morrowind\tx_wood_brown_posts_02.mat,
"Seyda Neen, Eldafire's House",Light_Fire_NoSmoke,True,-348.4154,-60.06541,-134.29456,-17420.77,-3003.2705,-6714.727999999999,0.0,0.0,0.0,True,Data\Materials\morrowind\tx_firealpha10.mat,
"Seyda Neen, Eldafire's House",misc_com_metal_plate_05,True,147.79533,-17.865505,-57.56562,7389.766500000001,-893.2752499999999,-2878.281,0.0,0.0,0.0,True,Data\Materials\morrowind\tx_metal_pewter_03.mat,
"Seyda Neen, Eldafire's House",misc_com_metal_plate_05,True,234.14124,197.33354,50.954166,11707.062,9866.677,2547.7083000000002,308.43385532264546,0.0,40.10704565915762,True,Data\Materials\morrowind\tx_metal_pewter_03.mat,
"Seyda Neen, Eldafire's House",misc_com_metal_plate_05,True,259.95285,197.33354,50.964043,12997.6425,9866.677,2548.2021499999996,308.43385532264546,0.0,229.1831180523293,True,Data\Materials\morrowind\tx_metal_pewter_03.mat,
"Seyda Neen, Eldafire's House",misc_com_metal_plate_05,True,160.40485,197.33354,51.05679,8020.2425,9866.677,2552.8395,308.43385532264546,0.0,233.9492502823912,True,Data\Materials\morrowind\tx_metal_pewter_03.mat,
"Seyda Neen, Eldafire's House",misc_com_metal_plate_05,True,134.55765,197.33354,51.006786,6727.8825,9866.677,2550.3393,308.43385532264546,0.0,34.37748260475207,True,Data\Materials\morrowind\tx_metal_pewter_03.mat,
"Seyda Neen, Eldafire's House",misc_com_metal_plate_05,True,108.74615,197.33354,50.825912,5437.3075,9866.677,2541.2956,308.43385532264546,0.0,217.7239621497128,True,Data\Materials\morrowind\tx_metal_pewter_03.mat,
"Seyda Neen, Eldafire's House",furn_com_p_shelf_03,False,308.6866,-273.88348,-16.282684,15434.33,-13694.174,-814.1342,0.0,0.0,90.00000419434348,True,,
"Seyda Neen, Eldafire's House",misc_com_redware_pitcher,False,304.3445,-297.64804,16.047903,15217.224999999999,-14882.401999999998,802.3951500000001,0.0,0.0,28.64788975654116,True,,
"Seyda Neen, Eldafire's House",misc_com_redware_platter,False,373.4484,158.65002,16.059183,18672.42,7932.501,802.95915,0.0,62.188735951096426,90.00000419434348,True,,
"Seyda Neen, Eldafire's House",Com_Chest_02_misc10,False,-126.221,133.811,-101.11,-6311.05,6690.55,-5055.5,0.0,0.0,274.1000011621614,True,,
"Seyda Neen, Eldafire's House",com_basket_01_chpfood5,False,-98.56477,-136.2407,-86.64967,-4928.2384999999995,-6812.035,-4332.4835,0.0,0.0,28.64788975654116,True,,
"Seyda Neen, Eldafire's House",com_basket_01_chpfood5,False,263.894,-318.338,-79.599,13194.7,-15916.900000000001,-3979.9500000000003,0.0,0.0,108.89999682456335,True,,
"Seyda Neen, Eldafire's House",com_sack_03_pos,False,282.0826,-211.64882,-93.32389,14104.130000000001,-10582.441,-4666.1945000000005,0.0,348.54086660433535,342.81130584176094,True,,
"Seyda Neen, Eldafire's House",com_sack_03_pos,False,294.29425,-203.51602,-93.02589,14714.7125,-10175.801,-4651.2945,0.0,348.54086660433535,354.27043882606563,True,,
"Seyda Neen, Eldafire's House",furn_com_tapestry_01,True,-21.450615,196.40392,86.052765,-1072.53075,9820.196,4302.63825,0.0,0.0,180.000002659109,True,Data\Materials\morrowind\tx_fabric_tapestry.mat,
"Seyda Neen, Eldafire's House",light_com_chandelier_01,True,124.209,-131.78333,98.079,6210.45,-6589.1665,4903.95,0.0,0.0,0.0,True,Data\Materials\morrowind\tx_firealpha01.mat,
"Seyda Neen, Eldafire's House",light_com_candle_07_77,False,366.773,106.755,21.385,18338.65,5337.75,1069.25,0.0,0.0,6.599999963810511,True,,
"Seyda Neen, Eldafire's House",furn_com_pm_stool_02,False,-61.875225,163.34937,-107.28243,-3093.76125,8167.4685,-5364.1215,0.0,0.0,0.0,True,,
"Seyda Neen, Eldafire's House",Light_Com_Candle_01_64,False,-62.93909,163.1297,-79.5802,-3146.9545,8156.485000000001,-3979.01,0.0,0.0,80.21409131831524,True,,
"Seyda Neen, Eldafire's House",misc_com_wood_fork,True,149.98004,-22.285109,-56.7736,7499.002,-1114.2554499999999,-2838.6800000000003,354.27043882606563,5.729577951308233,171.88734999840287,True,Data\Materials\morrowind\tx_wood_interior_plain_01.mat,
"Seyda Neen, Eldafire's House",misc_com_wood_fork,True,92.40392,-12.191116,-58.10066,4620.196,-609.5558,-2905.033,0.0,0.0,5.729577951308233,True,Data\Materials\morrowind\tx_wood_interior_plain_01.mat,
"Seyda Neen, Eldafire's House",misc_com_wood_knife,True,149.8232,-1.1316737,-58.54013,7491.160000000001,-56.583684999999996,-2927.0065,0.0,0.0,182.38318050091,True,Data\Materials\morrowind\tx_metal_pewter_01.mat,
"Seyda Neen, Eldafire's House",misc_com_wood_knife,True,100.098114,-32.428734,-55.819893,5004.905699999999,-1621.4367,-2790.99465,0.0,0.0,302.7042831009151,True,Data\Materials\morrowind\tx_metal_pewter_01.mat,
"Seyda Neen, Eldafire's House",misc_com_wood_spoon_01,True,115.183105,-48.13425,-51.955437,5759.15525,-2406.7125,-2597.77185,0.0,325.6225719878363,319.89297684779416,True,Data\Materials\morrowind\tx_wood_interior_plain_01.mat,
"Seyda Neen, Eldafire's House",Light_Com_Candle_01_64,False,123.20928,-0.6986414,-51.429947,6160.464,-34.932069999999996,-2571.49735,0.0,0.0,137.50986510181963,True,,
"Seyda Neen, Eldafire's House",Furn_de_rug_big_03,False,122.013435,-16.589613,-129.69661,6100.67175,-829.48065,-6484.8305,0.0,0.0,90.00000419434348,True,,
"Seyda Neen, Eldafire's House",furn_de_shack_hook,True,375.62988,112.039,-0.020531356,18781.494000000002,5601.95,-1.0265678,0.0,0.0,171.88736718713673,True,Data\Materials\morrowind\tx_metal_strip_02.mat,
"Seyda Neen, Eldafire's House",In_Lava_Blacksquare,True,-327.19443,-422.25073,-122.49259,-16359.7215,-21112.5365,-6124.6295,0.0,0.0,0.0,True,Data\Materials\morrowind\door_icon.mat,
"Seyda Neen, Erene Llenim's Shack",in_de_shack_door,True,173.9572,-160.05717,95.891754,8697.86,-8002.8585,4794.5877,0.0,0.0,270.0000011238745,False,Data\Materials\morrowind\tx_metal_iron_rusty.mat,
"Seyda Neen, Erene Llenim's Shack",active_de_bed_30,True,-74.3199,-144.36847,78.429794,-3715.9950000000003,-7218.4235,3921.4897,0.0,0.0,53.959136874826164,True,Data\Materials\morrowind\tx_metal_strip_02.mat,
"Seyda Neen, Erene Llenim's Shack",furn_de_shack_post,True,-171.098,-29.77233,43.54308,-8554.900000000001,-1488.6165,2177.154,0.0,348.5408264972897,191.4591757504593,True,Data\Materials\morrowind\tx_rope_heavy.mat,
"Seyda Neen, Erene Llenim's Shack",com_sack_01_chpfood5,False,-104.27125,-100.78306,20.03001,-5213.5625,-5039.153,1001.5005,0.0,0.0,104.55211232579104,True,,
"Seyda Neen, Erene Llenim's Shack",com_sack_01_chpfood5,False,-134.90125,-98.101746,25.779432,-6745.0625,-4905.0873,1288.9716,0.0,28.64788975654116,93.09290485697302,True,,
"Seyda Neen, Erene Llenim's Shack",com_sack_01_chpfood5,False,-62.18025,-159.56363,19.066769,-3109.0125,-7978.1815,953.3384500000001,0.0,0.0,133.1999333273968,True,,
"Seyda Neen, Erene Llenim's Shack",furn_de_shack_post,True,10.882771,-270.2371,43.140736,544.13855,-13511.855,2157.0368,11.459155902616466,0.0,36.76061117218269,True,Data\Materials\morrowind\tx_rope_heavy.mat,
"Seyda Neen, Erene Llenim's Shack",furn_de_firepit,True,89.608604,178.30852,79.08647,4480.4302,8915.426,3954.3235000000004,0.0,0.0,113.75494324244846,True,Data\Materials\morrowind\tx_ash_firepit.mat,
"Seyda Neen, Erene Llenim's Shack",misc_com_bottle_11,True,-145.06499,57.46843,70.2336,-7253.2495,2873.4215,3511.68,91.67326440966558,200.53522829578813,251.15206743892023,True,Data\Materials\morrowind\tx_glass_bottle_brown.mat,
"Seyda Neen, Erene Llenim's Shack",Com_Sack_02_Ingred,False,86.917,73.257,34.939,4345.85,3662.8500000000004,1746.95,0.0,0.0,274.1000011621614,True,,
"Seyda Neen, Erene Llenim's Shack",Com_Sack_02_Ingred,False,139.52628,68.24516,38.853172,6976.314,3412.258,1942.6586,0.0,0.0,0.0,True,,
"Seyda Neen, Erene Llenim's Shack",com_sack_01_saltrice_10,False,117.810005,-3.431186,19.233727,5890.50025,-171.55929999999998,961.68635,0.0,0.0,245.40853796530052,True,,
"Seyda Neen, Erene Llenim's Shack",com_sack_01_ingred,False,105.4286,6.9223814,34.569763,5271.43,346.11907,1728.4881500000001,0.0,0.0,256.867693867917,True,,
"Seyda Neen, Erene Llenim's Shack",com_sack_03_chpfood5,False,160.90588,7.596055,48.29975,8045.294,379.80275,2414.9875,0.0,0.0,0.0,True,,
"Seyda Neen, Erene Llenim's Shack",misc_de_foldedcloth00,False,-117.18917,5.315841,66.45859,-5859.458500000001,265.79205,3322.9295,0.0,0.0,319.8929940365281,True,,
"Seyda Neen, Erene Llenim's Shack",misc_de_fishing_pole,True,-133.30475,-23.623875,78.29215,-6665.237500000001,-1181.1937500000001,3914.6075000000005,0.0,17.188729270262336,262.5972718192252,True,Data\Materials\morrowind\tx_metal_silver.mat,
"Seyda Neen, Erene Llenim's Shack",furn_hook_01,True,153.41328,-29.439037,174.73895,7670.663999999999,-1471.95185,8736.9475,0.0,0.0,90.00000419434348,True,Data\Materials\morrowind\tx_guar_nail_00.mat,
"Seyda Neen, Erene Llenim's Shack",light_de_lantern_03,True,145.14578,-32.785572,161.38237,7257.289,-1639.2786,8069.1185000000005,0.0,0.0,270.0000011238745,True,Data\Materials\morrowind\tx_metal_iron_rusty_01.mat,
"Seyda Neen, Erene Llenim's Shack",furn_de_ex_table_02,True,-121.21546,42.33764,34.79609,-6060.772999999999,2116.882,1739.8045,0.0,0.0,268.326792474754,True,Data\Materials\morrowind\tx_wood_weathered_rings.mat,
"Seyda Neen, Erene Llenim's Shack",furn_de_ex_stool_02,True,-82.80094,44.132412,24.799427,-4140.047,2206.6206,1239.97135,0.0,0.0,245.40845202163126,True,Data\Materials\morrowind\tx_wood_weathered_rings.mat,
"Seyda Neen, Erene Llenim's Shack",barrel_01_empty,False,-124.329,-223.121,42.837,-6216.45,-11156.050000000001,2141.8500000000004,0.0,0.0,0.0,True,,
"Seyda Neen, Erene Llenim's Shack",light_de_lantern_02_128,False,-123.592,-226.722,99.215,-6179.6,-11336.1,4960.75,0.0,0.0,51.60000034210886,True,,
"Seyda Neen, Erene Llenim's Shack",Light_Com_Candle_01,True,-133.14471,83.331345,73.978874,-6657.2355,4166.56725,3698.9437000000003,0.0,0.0,28.64788975654116,True,Data\Materials\morrowind\tx_firealpha01.mat,
"Seyda Neen, Erene Llenim's Shack",misc_com_metal_plate_07,True,-107.07235,42.50547,66.71019,-5353.6175,2125.2735000000002,3335.5094999999997,0.0,0.0,331.3521499391445,True,Data\Materials\morrowind\tx_metal_brass_plate.mat,
"Seyda Neen, Erene Llenim's Shack",misc_com_wood_cup_02,True,-127.173134,32.99816,72.319626,-6358.6567000000005,1649.908,3615.9813,0.0,0.0,0.0,True,Data\Materials\morrowind\tx_wood_interior_plain_01.mat,
"Seyda Neen, Erene Llenim's Shack",Misc_Com_Wood_Bowl_01,True,-123.066,59.318,68.801,-6153.3,2965.9,3440.05,0.0,0.0,62.99999835237806,True,Data\Materials\morrowind\tx_wood_interior_plain_01.mat,
"Seyda Neen, Erene Llenim's Shack",misc_com_bottle_15,True,-141.75262,3.361305,82.994835,-7087.631,168.06525000000002,4149.74175,0.0,0.0,22.918311805232932,True,Data\Materials\morrowind\tx_cork_01.mat,
"Seyda Neen, Erene Llenim's Shack",misc_com_bottle_11,True,-144.47203,19.554522,82.44291,-7223.6015,977.7261,4122.1455,0.0,0.0,51.58021897423197,True,Data\Materials\morrowind\tx_glass_bottle_brown.mat,
"Seyda Neen, Erene Llenim's Shack",misc_com_wood_knife,True,-103.59005,58.76393,66.973114,-5179.5025000000005,2938.1965,3348.6557,0.0,0.0,194.80564461490195,True,Data\Materials\morrowind\tx_metal_pewter_01.mat,
"Seyda Neen, Erene Llenim's Shack",misc_com_wood_fork,True,-106.1363,26.699293,66.892426,-5306.8150000000005,1334.9646500000001,3344.6213,0.0,0.0,170.923967302514,True,Data\Materials\morrowind\tx_wood_interior_plain_01.mat,
"Seyda Neen, Erene Llenim's Shack",barrel_01_Ingredients,False,-57.75752,224.10701,43.372704,-2887.876,11205.3505,2168.6351999999997,0.0,0.0,0.0,True,,
"Seyda Neen, Erene Llenim's Shack",barrel_01_cheapfood5,False,-92.165,230.637,109.011,-4608.25,11531.85,5450.55,0.0,0.0,0.0,True,,
"Seyda Neen, Erene Llenim's Shack",barrel_01_empty,False,-122.78976,217.05421,42.484146,-6139.488,10852.710500000001,2124.2073,0.0,0.0,0.0,True,,
"Seyda Neen, Erene Llenim's Shack",misc_com_bucket_01,True,-135.069,151.687,87.22,-6753.45,7584.35,4361.0,0.0,0.0,245.4000008941531,True,Data\Materials\morrowind\tx_metal_strip_02.mat,
"Seyda Neen, Erene Llenim's Shack",in_de_shack_02,True,0.0,0.0,128.0,0.0,0.0,6400.0,0.0,0.0,0.0,True,Data\Materials\morrowind\tx_dirtroad_01.mat,
"Seyda Neen, Fargoth's House",ex_nord_door_01,True,16.0,-144.0,0.0,800.0,-7200.0,0.0,0.0,0.0,180.000002659109,False,Data\Materials\morrowind\tx_hinge_01.mat,
"Seyda Neen, Fargoth's House",in_nord_house_01,True,0.0,0.0,128.0,0.0,0.0,6400.0,0.0,0.0,0.0,True,Data\Materials\morrowind\_left_01.mat,
"Seyda Neen, Fargoth's House",in_nord_doorf_01,True,0.0,-160.0,-16.0,0.0,-8000.0,-800.0,0.0,0.0,0.0,True,Data\Materials\morrowind\tx_wood_brown_posts_02.mat,
"Seyda Neen, Fargoth's House",ex_nord_win_01,True,-156.47157,-166.74615,35.420933,-7823.5785000000005,-8337.3075,1771.04665,0.0,0.0,180.000002659109,True,Data\Materials\morrowind\tx_hinge_01.mat,
"Seyda Neen, Fargoth's House",misc_com_bottle_07,True,-102.19032,116.73138,-43.22896,-5109.516,5836.569,-2161.448,0.0,0.0,0.0,True,Data\Materials\morrowind\tx_cork_01.mat,
"Seyda Neen, Fargoth's House",misc_com_bottle_10,True,-63.933,103.463,-41.205,-3196.65,5173.15,-2060.25,0.0,0.0,120.29999483483255,True,Data\Materials\morrowind\tx_cork_01.mat,
"Seyda Neen, Fargoth's House",misc_com_bottle_11,True,-101.57822,107.14147,-121.187325,-5078.911,5357.0734999999995,-6059.36625,90.00000419434348,298.6478908804157,270.0000011238745,True,Data\Materials\morrowind\tx_glass_bottle_brown.mat,
"Seyda Neen, Fargoth's House",misc_com_bottle_11,True,-95.58751,92.208176,-43.101467,-4779.3755,4610.4088,-2155.07335,0.0,0.0,148.96902673401405,True,Data\Materials\morrowind\tx_glass_bottle_brown.mat,
"Seyda Neen, Fargoth's House",misc_com_bottle_11,True,-45.57408,86.49593,-54.960793,-2278.704,4324.7965,-2748.03965,270.0000011238745,40.1070485239466,143.94929765424928,True,Data\Materials\morrowind\tx_glass_bottle_brown.mat,
"Seyda Neen, Fargoth's House",misc_com_bucket_01,True,-217.378,-107.269,-108.021,-10868.9,-5363.450000000001,-5401.05,0.0,0.0,149.70000628904194,True,Data\Materials\morrowind\tx_metal_strip_02.mat,
"Seyda Neen, Fargoth's House",misc_com_tankard_01,True,-112.99033,218.50722,41.39504,-5649.5165,10925.360999999999,2069.752,0.0,0.0,79.25065132664687,True,Data\Materials\morrowind\tx_metal_pewter_01.mat,
"Seyda Neen, Fargoth's House",furn_com_p_shelf_04,False,-248.54794,38.674595,-6.633996,-12427.397,1933.7297499999997,-331.6998,0.0,0.0,270.0000011238745,True,,
"Seyda Neen, Fargoth's House",Misc_Com_Bottle_04,True,-241.64195,68.70787,26.776524,-12082.0975,3435.3935,1338.8262,0.0,0.0,269.1634369063599,True,Data\Materials\morrowind\tx_cork_01.mat,
"Seyda Neen, Fargoth's House",Misc_Com_Bottle_04,True,-248.6135,86.69585,26.776524,-12430.675,4334.7925,1338.8262,0.0,0.0,268.3268211226437,True,Data\Materials\morrowind\tx_cork_01.mat,
"Seyda Neen, Fargoth's House",misc_com_bottle_06,True,-243.14856,-3.5254467,24.879702,-12157.428,-176.272335,1243.9851,0.0,0.0,239.6789600139923,True,Data\Materials\morrowind\tx_glass_bottle_blue.mat,
"Seyda Neen, Fargoth's House",misc_com_bottle_06,True,-248.32509,-16.478666,24.879702,-12416.2545,-823.9333,1243.9851,0.0,0.0,308.4338381339116,True,Data\Materials\morrowind\tx_glass_bottle_blue.mat,
"Seyda Neen, Fargoth's House",misc_com_bottle_02,True,-241.27925,31.293333,-121.413734,-12063.9625,1564.6666500000001,-6070.6867,270.0000011238745,0.0,360.0000110477959,True,Data\Materials\morrowind\tx_glass_bottle_green.mat,
"Seyda Neen, Fargoth's House",misc_com_bottle_02,True,-251.54626,15.663203,24.879698,-12577.313,783.1601499999999,1243.9849000000002,0.0,0.0,57.29577951308232,True,Data\Materials\morrowind\tx_glass_bottle_green.mat,
"Seyda Neen, Fargoth's House",misc_uni_pillow_01,False,173.781,163.693,-69.308,8689.050000000001,8184.650000000001,-3465.4000000000005,0.0,0.0,281.45915702649097,True,,
"Seyda Neen, Fargoth's House",com_sack_02_saltrice_10,False,205.15567,-55.86539,-100.35659,10257.7835,-2793.2695,-5017.8295,0.0,0.0,302.7042601826033,True,,
"Seyda Neen, Fargoth's House",com_sack_01_saltrice_10,False,177.57108,10.833302,-118.85293,8878.554,541.6650999999999,-5942.6465,0.0,0.0,279.8000087616629,True,,
"Seyda Neen, Fargoth's House",com_sack_02_chpfood3,False,161.77174,-59.652527,-101.73348,8088.5869999999995,-2982.62635,-5086.674,0.0,0.0,319.8929940365281,True,,
"Seyda Neen, Fargoth's House",light_com_candle_07,True,199.56657,-111.28629,-42.7713,9978.328500000001,-5564.3144999999995,-2138.5649999999996,0.0,0.0,40.10704565915762,True,Data\Materials\morrowind\tx_firealpha01.mat,
"Seyda Neen, Fargoth's House",com_cupboard_01_glasses,False,6.7426424,236.23532,7.3604445,337.13212,11811.766,368.022225,0.0,0.0,0.0,True,,
"Seyda Neen, Fargoth's House",com_cupboard_01_booze,False,-123.602,235.363,7.192,-6180.1,11768.15,359.6,0.0,0.0,0.0,True,,
"Seyda Neen, Fargoth's House",com_basket_01_chpfood5,False,-206.56757,183.19768,-77.16214,-10328.378499999999,9159.884,-3858.1069999999995,0.0,0.0,308.43385532264546,True,,
"Seyda Neen, Fargoth's House",misc_com_bottle_11,True,-254.83018,6.5010905,24.8797,-12741.509,325.054525,1243.985,0.0,0.0,291.2451386574546,True,Data\Materials\morrowind\tx_glass_bottle_brown.mat,
"Seyda Neen, Fargoth's House",active_com_bed_05,False,167.89627,103.45024,-97.02432,8394.8135,5172.512,-4851.216,0.0,0.0,274.056393344374,True,,
"Seyda Neen, Fargoth's House",barrel_01_cheapfood5,False,142.98782,-109.1894,-92.4424,7149.391,-5459.47,-4622.12,0.0,0.0,0.0,True,,
"Seyda Neen, Fargoth's House",barrel_01_Ingredients,False,199.86601,-107.980255,-92.44237,9993.3005,-5399.01275,-4622.1185,0.0,0.0,0.0,True,,
"Seyda Neen, Fargoth's House",furn_com_p_table_01,False,-87.02794,90.90104,-91.88026,-4351.397,4545.052,-4594.013,0.0,0.0,5.729577951308233,True,,
"Seyda Neen, Fargoth's House",misc_com_broom_01,True,-180.44217,-90.92418,-120.97914,-9022.1085,-4546.209000000001,-6048.957,274.05634177817245,124.37747190219285,57.29577951308232,True,Data\Materials\morrowind\tx_rope_heavy.mat,
"Seyda Neen, Fargoth's House",com_basket_01_chpfood5,False,-216.41457,116.24794,-83.15538,-10820.7285,5812.397,-4157.768999999999,0.0,0.0,216.76063102002553,True,,
"Seyda Neen, Fargoth's House",Light_Com_Candle_12,True,-123.112335,106.56061,-51.313,-6155.61675,5328.0305,-2565.65,0.0,0.0,0.0,True,Data\Materials\morrowind\tx_firealpha03.mat,
"Seyda Neen, Fargoth's House",misc_com_tankard_01,True,-111.91206,87.48416,-51.986973,-5595.603,4374.2080000000005,-2599.34865,0.0,0.0,165.1943377850042,True,Data\Materials\morrowind\tx_metal_pewter_01.mat,
"Seyda Neen, Fargoth's House",misc_com_tankard_01,True,-152.23097,219.11449,41.39504,-7611.548500000001,10955.7245,2069.752,0.0,0.0,188.11264386065918,True,Data\Materials\morrowind\tx_metal_pewter_01.mat,
"Seyda Neen, Fargoth's House",misc_com_tankard_01,True,-138.51979,219.51106,41.39504,-6925.9895,10975.553,2069.752,0.0,0.0,148.00559820150156,True,Data\Materials\morrowind\tx_metal_pewter_01.mat,
"Seyda Neen, Fargoth's House",furn_com_p_bench_01,False,-107.34273,29.463821,-107.70345,-5367.1365000000005,1473.19105,-5385.172500000001,0.0,0.0,0.0,True,,
"Seyda Neen, Fargoth's House",misc_com_wood_cup_01,True,22.727299,218.40356,41.068333,1136.36495,10920.178,2053.41665,0.0,0.0,337.0817278904527,True,Data\Materials\morrowind\tx_wood_interior_plain_01.mat,
"Seyda Neen, Fargoth's House",misc_com_wood_cup_01,True,-23.676695,218.41986,41.068333,-1183.83475,10920.993,2053.41665,0.0,0.0,34.37746770784939,True,Data\Materials\morrowind\tx_wood_interior_plain_01.mat,
"Seyda Neen, Fargoth's House",misc_com_wood_cup_01,True,-12.389042,218.19954,41.068333,-619.4521,10909.977,2053.41665,0.0,0.0,337.0817278904527,True,Data\Materials\morrowind\tx_wood_interior_plain_01.mat,
"Seyda Neen, Fargoth's House",misc_com_wood_cup_02,True,12.539457,216.27982,40.4676,626.97285,10813.991,2023.3799999999999,0.0,0.0,51.56620156177409,True,Data\Materials\morrowind\tx_wood_interior_plain_01.mat,
"Seyda Neen, Fargoth's House",misc_com_wood_cup_02,True,3.6861272,218.12245,40.4676,184.30636,10906.1225,2023.3799999999999,0.0,0.0,0.0,True,Data\Materials\morrowind\tx_wood_interior_plain_01.mat,
"Seyda Neen, Fine-Mouth's Shack",in_de_shack_door,True,184.85817,-48.17949,100.0,9242.9085,-2408.9745000000003,5000.0,0.0,0.0,270.0000011238745,False,Data\Materials\morrowind\tx_metal_iron_rusty.mat,
"Seyda Neen, Fine-Mouth's Shack",active_de_bedroll,True,-117.36176,64.61898,21.270733,-5868.088,3230.9489999999996,1063.53665,0.0,0.0,270.0000011238745,True,Data\Materials\morrowind\tx_fabric_6th_bedroll.mat,
"Seyda Neen, Fine-Mouth's Shack",furn_de_shack_basket_01,True,159.77509,117.34443,50.92442,7988.7545,5867.221500000001,2546.221,0.0,0.0,0.0,True,Data\Materials\morrowind\tx_shack_wicker.mat,
"Seyda Neen, Fine-Mouth's Shack",com_sack_03_chpfood5,False,-172.97559,-146.98459,46.330856,-8648.7795,-7349.2294999999995,2316.5427999999997,0.0,0.0,158.79998555189545,True,,
"Seyda Neen, Fine-Mouth's Shack",com_sack_02,True,-99.37059,-153.13347,29.082678,-4968.529500000001,-7656.673499999999,1454.1339,0.0,0.0,78.54082537341519,True,,
"Seyda Neen, Fine-Mouth's Shack",com_sack_01_chpfood5,False,-89.82274,-68.455765,19.961761,-4491.137,-3422.78825,998.08805,0.0,0.0,32.70421608689421,True,,
"Seyda Neen, Fine-Mouth's Shack",misc_com_bottle_07,True,-52.42679,-144.9427,86.50302,-2621.3395,-7247.135,4325.151000000001,0.0,0.0,89.99998127603166,True,Data\Materials\morrowind\tx_cork_01.mat,
"Seyda Neen, Fine-Mouth's Shack",misc_de_basket_01,True,-135.69641,-108.05861,74.50445,-6784.820499999999,-5402.9305,3725.2225000000003,0.0,0.0,335.4084848638645,True,Data\Materials\morrowind\tx_straw_woven.mat,
"Seyda Neen, Fine-Mouth's Shack",furn_de_ex_table_02,True,56.351963,114.27356,40.39418,2817.59815,5713.678,2019.7089999999998,0.0,0.0,358.32683104656513,True,Data\Materials\morrowind\tx_wood_weathered_rings.mat,
"Seyda Neen, Fine-Mouth's Shack",furn_de_ex_stool_02,True,61.02431,79.62561,28.69608,3051.2155,3981.2805,1434.8039999999999,0.0,0.0,169.25077584212733,True,Data\Materials\morrowind\tx_wood_weathered_rings.mat,
"Seyda Neen, Fine-Mouth's Shack",furn_de_shack_basket_02,True,17.558,126.746,89.954,877.9,6337.3,4497.7,0.0,0.0,90.00000419434348,True,Data\Materials\morrowind\tx_shack_wicker.mat,
"Seyda Neen, Fine-Mouth's Shack",misc_com_wood_cup_02,True,69.71768,117.59729,75.49082,3485.884,5879.8645,3774.541,0.0,274.0564277218417,67.08169238911053,True,Data\Materials\morrowind\tx_wood_interior_plain_01.mat,
"Seyda Neen, Fine-Mouth's Shack",misc_com_wood_cup_01,True,58.222073,107.59839,78.66074,2911.10365,5379.9195,3933.0370000000003,0.0,0.0,89.99998127603166,True,Data\Materials\morrowind\tx_wood_interior_plain_01.mat,
"Seyda Neen, Fine-Mouth's Shack",misc_com_wood_bowl_02,True,84.32451,137.29434,74.69394,4216.2255000000005,6864.717000000001,3734.697,0.0,0.0,89.99998127603166,True,Data\Materials\morrowind\tx_wood_khaki_01.mat,
"Seyda Neen, Fine-Mouth's Shack",misc_com_metal_plate_05,True,77.81484,93.9294,73.53965,3890.742,4696.47,3676.9824999999996,0.0,0.0,89.99998127603166,True,Data\Materials\morrowind\tx_metal_pewter_03.mat,
"Seyda Neen, Fine-Mouth's Shack",misc_com_wood_knife,True,94.25228,94.856705,71.84923,4712.614,4742.83525,3592.4615000000003,0.0,0.0,238.00572844655997,True,Data\Materials\morrowind\tx_metal_pewter_01.mat,
"Seyda Neen, Fine-Mouth's Shack",misc_com_wood_fork,True,75.36425,92.87317,74.252884,3768.2125,4643.6585000000005,3712.6441999999997,11.459155902616466,354.27043882606563,352.5972874727246,True,Data\Materials\morrowind\tx_wood_interior_plain_01.mat,
"Seyda Neen, Fine-Mouth's Shack",misc_com_bottle_02,True,105.70394,116.72046,88.0348,5285.197,5836.023,4401.74,0.0,0.0,95.72955922733989,True,Data\Materials\morrowind\tx_glass_bottle_green.mat,
"Seyda Neen, Fine-Mouth's Shack",furn_de_shack_hook,True,-130.40839,74.36005,181.20474,-6520.4195,3718.0025,9060.237,0.0,0.0,326.4592049602863,True,Data\Materials\morrowind\tx_metal_strip_02.mat,
"Seyda Neen, Fine-Mouth's Shack",furn_de_rope_03,True,-114.38079,86.8128,209.8811,-5719.0395,4340.639999999999,10494.055,0.0,0.0,229.05646000213767,True,Data\Materials\morrowind\tx_rope_heavy.mat,
"Seyda Neen, Fine-Mouth's Shack",furn_de_shack_basket_02,True,-132.47719,71.918,139.04065,-6623.8595000000005,3595.9000000000005,6952.0325,40.10703992957968,308.43385532264546,177.49033292487695,True,Data\Materials\morrowind\tx_shack_wicker.mat,
"Seyda Neen, Fine-Mouth's Shack",barrel_01_Ingredients,False,158.1926,-141.62563,46.89415,7909.63,-7081.2815,2344.7075,0.0,0.0,0.0,True,,
"Seyda Neen, Fine-Mouth's Shack",com_sack_02_chpfood3,False,110.62908,-147.94371,35.271786,5531.454,-7397.1855000000005,1763.5892999999999,0.0,0.0,308.4338381339116,True,,
"Seyda Neen, Fine-Mouth's Shack",light_de_lantern_08,True,-101.203,102.114,194.894,-5060.150000000001,5105.7,9744.7,0.0,0.0,40.09999827827752,True,Data\Materials\morrowind\tx_metal_iron_rusty_01.mat,
"Seyda Neen, Fine-Mouth's Shack",barrel_01_cheapfood20,False,-53.022823,-142.24854,42.297302,-2651.14115,-7112.427,2114.8651,0.0,0.0,0.0,True,,
"Seyda Neen, Fine-Mouth's Shack",light_com_lantern_02_128,False,158.519,-144.635,110.093,7925.950000000001,-7231.75,5504.650000000001,0.0,0.0,331.39999191503796,True,,
"Seyda Neen, Fine-Mouth's Shack",in_de_shack_03,True,0.0,0.0,104.35458,0.0,0.0,5217.729,0.0,0.0,0.0,True,Data\Materials\morrowind\tx_dirtroad_01.mat,
"Seyda Neen, Foryn Gilnith's Shack",in_de_shack_door,True,176.67502,-162.51022,96.0,8833.751,-8125.511,4800.0,0.0,0.0,270.0000011238745,False,Data\Materials\morrowind\tx_metal_iron_rusty.mat,
"Seyda Neen, Foryn Gilnith's Shack",furn_de_firepit,True,100.88801,181.3001,81.72869,5044.4005,9065.005,4086.4345,0.0,0.0,224.1634634570779,True,Data\Materials\morrowind\tx_ash_firepit.mat,
"Seyda Neen, Foryn Gilnith's Shack",active_de_bed_30,True,-73.08958,-139.87627,87.032486,-3654.479,-6993.8135,4351.6243,0.0,0.0,57.89999215593754,True,Data\Materials\morrowind\tx_metal_strip_02.mat,
"Seyda Neen, Foryn Gilnith's Shack",furn_de_shack_post,True,-2.0577197,-264.40973,70.111244,-102.88598499999999,-13220.4865,3505.5622,5.7296060262401936,354.2704617443774,325.3691756733617,True,Data\Materials\morrowind\tx_rope_heavy.mat,
"Seyda Neen, Foryn Gilnith's Shack",furn_de_shack_post,True,-160.88791,-17.842125,71.94159,-8044.3955000000005,-892.1062499999999,3597.0795000000003,0.0,348.54086660433535,354.0170654299029,True,Data\Materials\morrowind\tx_rope_heavy.mat,
"Seyda Neen, Foryn Gilnith's Shack",barrel_01_empty,False,-136.56993,-188.6854,45.478436,-6828.4965,-9434.269999999999,2273.9218,0.0,0.0,90.49999008468642,True,,
"Seyda Neen, Foryn Gilnith's Shack",barrel_01_empty,False,-101.55,-234.984,41.265,-5077.5,-11749.2,2063.25,0.0,0.0,5.500000065335058,True,,
"Seyda Neen, Foryn Gilnith's Shack",com_sack_01_saltrice_5,False,-121.20501,-103.675064,23.049614,-6060.2505,-5183.7532,1152.4806999999998,0.0,0.0,90.00000419434348,True,,
"Seyda Neen, Foryn Gilnith's Shack",misc_com_bottle_07,True,-93.8692,-239.47841,85.47104,-4693.46,-11973.9205,4273.552,0.0,0.0,97.14937156198587,True,Data\Materials\morrowind\tx_cork_01.mat,
"Seyda Neen, Foryn Gilnith's Shack",misc_com_bottle_02,True,-109.37068,-241.17236,85.598526,-5468.534,-12058.618,4279.9263,0.0,0.0,22.664852465400905,True,Data\Materials\morrowind\tx_glass_bottle_green.mat,
"Seyda Neen, Foryn Gilnith's Shack",Com_Sack_02_Ingred,False,119.414085,95.04775,39.02292,5970.70425,4752.3875,1951.146,0.0,0.0,75.19441380475206,True,,
"Seyda Neen, Foryn Gilnith's Shack",furn_de_ex_stool_02,True,-91.403984,106.709305,26.086998,-4570.1992,5335.46525,1304.3499000000002,0.0,0.0,354.8536525657293,True,Data\Materials\morrowind\tx_wood_weathered_rings.mat,
"Seyda Neen, Foryn Gilnith's Shack",misc_com_metal_plate_05,True,-102.547295,118.59763,72.06619,-5127.364750000001,5929.8814999999995,3603.3095000000003,0.0,0.0,103.71561686321185,True,Data\Materials\morrowind\tx_metal_pewter_03.mat,
"Seyda Neen, Foryn Gilnith's Shack",misc_com_wood_knife,True,-85.08098,118.83738,71.37381,-4254.049,5941.869,3568.6905,0.0,0.0,241.2255048833433,True,Data\Materials\morrowind\tx_metal_pewter_01.mat,
"Seyda Neen, Foryn Gilnith's Shack",furn_de_ex_table_02,True,-96.275345,135.49306,38.89726,-4813.76725,6774.653,1944.863,0.0,0.0,166.74080244026385,True,Data\Materials\morrowind\tx_wood_weathered_rings.mat,
"Seyda Neen, Foryn Gilnith's Shack",furn_de_ex_stool_02,True,-110.97473,189.77623,31.094225,-5548.7365,9488.8115,1554.71125,0.0,0.0,182.9662796490146,True,Data\Materials\morrowind\tx_wood_weathered_rings.mat,
"Seyda Neen, Foryn Gilnith's Shack",furn_de_rope_03,True,-82.14227,-176.53474,210.89847,-4107.1134999999995,-8826.737,10544.9235,17.188733853924695,0.0,132.4902735319257,True,Data\Materials\morrowind\tx_rope_heavy.mat,
"Seyda Neen, Foryn Gilnith's Shack",com_sack_03_chpfood5,False,101.40812,43.49863,44.992054,5070.406,2174.9315,2249.6027000000004,0.0,0.0,350.2140924421898,True,,
"Seyda Neen, Foryn Gilnith's Shack",light_com_candle_07_77,False,132.96046,43.727383,96.169426,6648.023000000001,2186.36915,4808.4713,0.0,0.0,126.80000048536343,True,,
"Seyda Neen, Foryn Gilnith's Shack",misc_com_bottle_01,True,148.86868,54.120716,90.44628,7443.434,2706.0358,4522.314,0.0,0.0,258.5409025170375,True,Data\Materials\morrowind\tx_glass_bottle_blue.mat,
"Seyda Neen, Foryn Gilnith's Shack",misc_com_wood_bowl_02,True,-127.81497,132.53409,73.104,-6390.7485,6626.7045,3655.2,0.0,0.0,270.0000011238745,True,Data\Materials\morrowind\tx_wood_khaki_01.mat,
"Seyda Neen, Foryn Gilnith's Shack",misc_com_wood_cup_02,True,-120.10512,115.34472,75.6072,-6005.256,5767.236,3780.36,0.0,0.0,270.000058419654,True,Data\Materials\morrowind\tx_wood_interior_plain_01.mat,
"Seyda Neen, Foryn Gilnith's Shack",misc_com_wood_spoon_01,True,-115.26455,108.3002,72.818146,-5763.2275,5415.01,3640.9073,0.0,22.918311805232932,315.8366247343403,True,Data\Materials\morrowind\tx_wood_interior_plain_01.mat,
"Seyda Neen, Foryn Gilnith's Shack",Misc_Com_Bottle_08,True,-112.26168,147.08734,85.1287,-5613.084,7354.367,4256.4349999999995,0.0,0.0,103.84227491340346,True,Data\Materials\morrowind\tx_cork_01.mat,
"Seyda Neen, Foryn Gilnith's Shack",furn_de_shack_basket_01,True,55.391243,-227.5328,44.570393,2769.56215,-11376.640000000001,2228.51965,0.0,0.0,304.3774917500357,True,Data\Materials\morrowind\tx_shack_wicker.mat,
"Seyda Neen, Foryn Gilnith's Shack",furn_de_rope_03,True,78.5972,55.92713,251.47787,3929.86,2796.3565,12573.8935,359.9999823999061,354.27043882606563,6.43957407300506,True,Data\Materials\morrowind\tx_rope_heavy.mat,
"Seyda Neen, Foryn Gilnith's Shack",furn_de_rope_03,True,13.053329,175.1049,220.70758,652.6664499999999,8755.244999999999,11035.379,359.9999823999061,342.81130584176094,6.43957407300506,True,Data\Materials\morrowind\tx_rope_heavy.mat,
"Seyda Neen, Foryn Gilnith's Shack",furn_de_shack_hook,True,75.27969,55.434628,219.33978,3763.9845,2771.7313999999997,10966.989,0.0,0.0,270.000058419654,True,Data\Materials\morrowind\tx_metal_strip_02.mat,
"Seyda Neen, Foryn Gilnith's Shack",furn_de_shack_basket_01,True,67.34657,54.6712,180.53156,3367.3285,2733.56,9026.578000000001,34.377525003628904,296.97471087918484,241.35216866311285,True,Data\Materials\morrowind\tx_shack_wicker.mat,
"Seyda Neen, Foryn Gilnith's Shack",misc_de_foldedcloth00,False,-69.14423,127.31171,70.57325,-3457.2114999999994,6365.5855,3528.6625,0.0,0.0,308.43385532264546,True,,
"Seyda Neen, Foryn Gilnith's Shack",misc_com_bottle_09,True,-63.717724,151.6808,85.847305,-3185.8862,7584.04,4292.365250000001,0.0,0.0,274.0564277218417,True,Data\Materials\morrowind\tx_glass_bottle_green.mat,
"Seyda Neen, Foryn Gilnith's Shack",Com_Basket_01_POS,False,121.479996,-233.8768,51.287292,6073.9998,-11693.84,2564.3646,0.0,0.0,45.00000209717174,True,,
"Seyda Neen, Foryn Gilnith's Shack",com_chest_02_misc09,False,141.865,-23.741,33.476,7093.25,-1187.05,1673.8,0.0,0.0,80.19999655655504,True,,
"Seyda Neen, Foryn Gilnith's Shack",barrel_01_cheapfood5,False,137.24619,45.714413,46.421665,6862.3095,2285.72065,2321.0832499999997,0.0,0.0,0.0,True,,
"Seyda Neen, Foryn Gilnith's Shack",light_de_lantern_08,True,4.722686,182.76921,202.8273,236.13430000000002,9138.4605,10141.365,0.0,0.0,0.0,True,Data\Materials\morrowind\tx_metal_iron_rusty_01.mat,
"Seyda Neen, Foryn Gilnith's Shack",light_de_lantern_03,True,-85.54288,-185.34355,191.9,-4277.144,-9267.1775,9595.0,0.0,0.0,296.9746822312951,True,Data\Materials\morrowind\tx_metal_iron_rusty_01.mat,
"Seyda Neen, Foryn Gilnith's Shack",in_de_shack_02,True,0.0,0.0,128.0,0.0,0.0,6400.0,0.0,0.0,0.0,True,Data\Materials\morrowind\tx_dirtroad_01.mat,
"Seyda Neen, Indrele Rathryon's Shack",in_de_shack_door,True,260.0,-32.0,112.0,13000.0,-1600.0,5600.0,0.0,0.0,270.0000011238745,False,Data\Materials\morrowind\tx_metal_iron_rusty.mat,
"Seyda Neen, Indrele Rathryon's Shack",com_sack_01_saltrice_10,False,226.92513,84.8106,33.95316,11346.2565,4240.53,1697.658,0.0,0.0,274.0563704260622,True,,
"Seyda Neen, Indrele Rathryon's Shack",com_sack_01_ingred,False,225.307,82.662,45.874,11265.349999999999,4133.1,2293.7000000000003,0.0,0.0,285.4999991724306,True,,
"Seyda Neen, Indrele Rathryon's Shack",com_sack_02_chpfood3,False,186.47583,117.70631,50.960396,9323.7915,5885.3155,2548.0198,0.0,0.0,325.6225719878363,True,,
"Seyda Neen, Indrele Rathryon's Shack",com_sack_02_saltrice_10,False,163.56499,155.66107,51.6494,8178.2495,7783.0535,2582.47,0.0,0.0,0.0,True,,
"Seyda Neen, Indrele Rathryon's Shack",misc_com_bottle_11,True,69.10245,-118.70122,95.52527,3455.1225000000004,-5935.061000000001,4776.2635,0.0,0.0,120.32114270705083,True,Data\Materials\morrowind\tx_glass_bottle_brown.mat,
"Seyda Neen, Indrele Rathryon's Shack",furn_de_rope_03,True,128.69746,-52.798714,254.28127,6434.8730000000005,-2639.9357,12714.0635,0.0,0.0,274.056393344374,True,Data\Materials\morrowind\tx_rope_heavy.mat,
"Seyda Neen, Indrele Rathryon's Shack",light_de_lantern_03,True,128.754,-57.929,235.414,6437.7,-2896.4500000000003,11770.699999999999,0.0,0.0,268.2999952386757,True,Data\Materials\morrowind\tx_metal_iron_rusty_01.mat,
"Seyda Neen, Indrele Rathryon's Shack",com_sack_03_chpfood5,False,244.41214,-115.20266,61.495163,12220.607,-5760.133,3074.75815,0.0,0.0,0.0,True,,
"Seyda Neen, Indrele Rathryon's Shack",com_sack_01_saltrice_5,False,185.585,-112.71532,32.08097,9279.25,-5635.7660000000005,1604.0485,0.0,0.0,0.0,True,,
"Seyda Neen, Indrele Rathryon's Shack",com_basket_01_chpfood5,False,-18.641,-115.162,59.111015,-932.05,-5758.1,2955.55075,0.0,0.0,342.8000185731969,True,,
"Seyda Neen, Indrele Rathryon's Shack",light_com_candle_07_77,False,-80.178,-107.001,107.83036,-4008.8999999999996,-5350.05,5391.518,0.0,0.0,296.99998404752813,True,,
"Seyda Neen, Indrele Rathryon's Shack",furn_de_shack_post,True,-121.05775,6.5027595,55.646004,-6052.8875,325.137975,2782.3001999999997,2.7320756783004362e-05,337.0817450791866,62.77194969076009,True,Data\Materials\morrowind\tx_rope_heavy.mat,
"Seyda Neen, Indrele Rathryon's Shack",active_de_bed_30,True,19.689457,90.452835,92.92254,984.47285,4522.64175,4646.1269999999995,0.0,0.0,143.84367288471694,True,Data\Materials\morrowind\tx_metal_strip_02.mat,
"Seyda Neen, Indrele Rathryon's Shack",furn_de_shack_post,True,143.6904,183.80757,77.83164,7184.52,9190.3785,3891.5819999999994,348.54086660433535,11.459157048532054,91.41987382476897,True,Data\Materials\morrowind\tx_rope_heavy.mat,
"Seyda Neen, Indrele Rathryon's Shack",barrel_01_Ingredients,False,220.43973,150.04066,57.561855,11021.986499999999,7502.033,2878.0927500000003,0.0,0.0,0.0,True,,
"Seyda Neen, Indrele Rathryon's Shack",furn_de_ex_table_02,True,84.549,-101.84349,49.103645,4227.450000000001,-5092.1745,2455.18225,0.0,0.0,0.0,True,Data\Materials\morrowind\tx_wood_weathered_rings.mat,
"Seyda Neen, Indrele Rathryon's Shack",Misc_Com_Bottle_14,True,91.09483,-120.59841,96.87251,4554.7415,-6029.9205,4843.6255,0.0,0.0,51.56620385360527,True,Data\Materials\morrowind\tx_cork_01.mat,
"Seyda Neen, Indrele Rathryon's Shack",misc_com_metal_plate_05,True,73.529434,-83.67556,82.09442,3676.4716999999996,-4183.778,4104.721,0.0,0.0,28.64788975654116,True,Data\Materials\morrowind\tx_metal_pewter_03.mat,
"Seyda Neen, Indrele Rathryon's Shack",misc_com_bucket_01,True,-89.162735,-50.35519,45.071354,-4458.13675,-2517.7595,2253.5677,0.0,0.0,137.5099166680212,True,Data\Materials\morrowind\tx_metal_strip_02.mat,
"Seyda Neen, Indrele Rathryon's Shack",misc_com_broom_01,True,-88.78897,-24.729197,95.00752,-4439.4485,-1236.45985,4750.376,0.0,11.459155902616466,0.0,True,Data\Materials\morrowind\tx_rope_heavy.mat,
"Seyda Neen, Indrele Rathryon's Shack",Misc_Com_Pitcher_Metal_01,True,109.127625,-107.20137,94.729576,5456.381249999999,-5360.068499999999,4736.4788,0.0,0.0,337.0817278904527,True,Data\Materials\morrowind\tx_metal_pewter_04.mat,
"Seyda Neen, Indrele Rathryon's Shack",misc_com_tankard_01,True,52.65627,-107.40895,87.4059,2632.8134999999997,-5370.4475,4370.295,0.0,0.0,257.83095051309095,True,Data\Materials\morrowind\tx_metal_pewter_01.mat,
"Seyda Neen, Indrele Rathryon's Shack",Misc_Com_Wood_Bowl_01,True,89.63984,-101.30166,83.41697,4481.992,-5065.083,4170.8485,0.0,0.0,0.0,True,Data\Materials\morrowind\tx_wood_interior_plain_01.mat,
"Seyda Neen, Indrele Rathryon's Shack",misc_com_wood_fork,True,91.35009,-80.79887,81.71815,4567.5045,-4039.9435,4085.9075,0.0,0.0,80.2140970478932,True,Data\Materials\morrowind\tx_wood_interior_plain_01.mat,
"Seyda Neen, Indrele Rathryon's Shack",misc_com_wood_knife,True,56.63007,-88.30178,80.8092,2831.5035000000003,-4415.089,4040.46,0.0,0.0,97.40283663139586,True,Data\Materials\morrowind\tx_metal_pewter_01.mat,
"Seyda Neen, Indrele Rathryon's Shack",furn_de_ex_stool_02,True,71.91958,-75.12027,38.324165,3595.979,-3756.0135,1916.2082500000001,0.0,0.0,0.0,True,Data\Materials\morrowind\tx_wood_weathered_rings.mat,
"Seyda Neen, Indrele Rathryon's Shack",misc_de_fishing_pole,True,198.76259,106.71743,73.46065,9938.1295,5335.871499999999,3673.0325000000003,51.56620385360527,348.54086660433535,0.0,True,Data\Materials\morrowind\tx_metal_silver.mat,
"Seyda Neen, Indrele Rathryon's Shack",furn_de_shack_basket_01,True,-69.00181,149.0717,116.59696,-3450.0905000000002,7453.585,5829.848,0.0,0.0,0.0,True,Data\Materials\morrowind\tx_shack_wicker.mat,
"Seyda Neen, Indrele Rathryon's Shack",misc_com_bottle_03,True,-70.28809,111.07891,99.57629,-3514.4044999999996,5553.9455,4978.8145,0.0,0.0,0.0,True,Data\Materials\morrowind\tx_cork_01.mat,
"Seyda Neen, Indrele Rathryon's Shack",light_de_lantern_02_128,False,228.07,140.804,113.764,11403.5,7040.2,5688.2,0.0,0.0,34.39999870018512,True,,
"Seyda Neen, Indrele Rathryon's Shack",in_de_shack_03,True,67.43012,21.555054,117.2164,3371.5060000000003,1077.7527,5860.82,0.0,0.0,0.0,True,Data\Materials\morrowind\tx_dirtroad_01.mat,
"Seyda Neen, Lighthouse",Ex_De_Shack_Door,True,-64.0,-200.0,-664.0,-3200.0,-10000.0,-33200.0,0.0,0.0,180.000002659109,False,Data\Materials\morrowind\tx_metal_iron_rusty.mat,
"Seyda Neen, Lighthouse",Ex_De_Shack_Door,True,201.738,50.978,-96.0,10086.9,2548.9,-4800.0,0.0,4.700000008953412,90.00000419434348,False,Data\Materials\morrowind\tx_metal_iron_rusty.mat,
"Seyda Neen, Lighthouse",in_common_lighthouse,True,0.0,0.0,128.0,0.0,0.0,6400.0,0.0,0.0,0.0,True,Data\Materials\morrowind\tx_stone_bluegrey.mat,
"Seyda Neen, Lighthouse",ex_com_dframe_lthus,True,-64.0,-200.0,-744.0,-3200.0,-10000.0,-37200.0,0.0,0.0,270.0000011238745,True,Data\Materials\morrowind\tx_wood_grey_planks_01.mat,
"Seyda Neen, Lighthouse",barrel_01_pos,False,211.12885,289.90555,-767.46185,10556.4425,14495.2775,-38373.0925,0.0,0.0,0.0,True,,
"Seyda Neen, Lighthouse",barrel_01_Ingredients,False,207.86736,232.60162,-767.46185,10393.368,11630.081,-38373.0925,0.0,0.0,0.0,True,,
"Seyda Neen, Lighthouse",com_sack_01_saltrice_10,False,-5.320545,46.93395,-792.8301,-266.02725,2346.6975,-39641.505,0.0,0.0,51.56619583219614,True,,
"Seyda Neen, Lighthouse",com_sack_01_saltrice_10,False,87.48462,309.54376,-792.69086,4374.231000000001,15477.188000000002,-39634.543000000005,0.0,0.0,85.94367499920143,True,,
"Seyda Neen, Lighthouse",com_sack_02_chpfood3,False,38.073353,290.93036,-771.3019,1903.6676499999999,14546.518,-38565.095,0.0,0.0,45.83662934004381,True,,
"Seyda Neen, Lighthouse",light_com_candle_07_77,False,-259.51816,-20.185617,-719.7909,-12975.908000000001,-1009.28085,-35989.545,0.0,0.0,199.5887306661218,True,,
"Seyda Neen, Lighthouse",light_com_lantern_02_128,False,156.11163,-60.336704,-44.58025,7805.581499999999,-3016.8352,-2229.0125,0.0,0.0,114.59157048532056,True,,
"Seyda Neen, Lighthouse",light_com_lantern_02,True,79.43613,49.889534,-287.47574,3971.8065,2494.4766999999997,-14373.786999999998,0.0,0.0,348.54086660433535,True,Data\Materials\morrowind\tx_firealpha01.mat,
"Seyda Neen, Lighthouse",misc_com_bottle_06,True,-262.67578,-73.80178,-724.01184,-13133.788999999999,-3690.0889999999995,-36200.592,0.0,0.0,34.37746770784939,True,Data\Materials\morrowind\tx_glass_bottle_blue.mat,
"Seyda Neen, Lighthouse",misc_com_bucket_01,True,239.75165,-127.928246,-783.04083,11987.5825,-6396.4123,-39152.0415,0.0,0.0,34.377496355739154,True,Data\Materials\morrowind\tx_metal_strip_02.mat,
"Seyda Neen, Lighthouse",ex_de_oar,True,-263.63486,-173.34456,-716.9472,-13181.743,-8667.228,-35847.36,72.81127034041877,184.05638915003053,179.99999119995306,True,Data\Materials\morrowind\tx_wood_docks_01.mat,
"Seyda Neen, Lighthouse",ex_de_oar,True,-272.99057,-179.69164,-716.2533,-13649.5285,-8984.582,-35812.665,251.13807580956313,34.37746770784939,348.54086660433535,True,Data\Materials\morrowind\tx_wood_docks_01.mat,
"Seyda Neen, Lighthouse",furn_de_ex_table_02,True,-258.49414,-46.29072,-771.66534,-12924.707,-2314.536,-38583.267,0.0,0.0,268.326792474754,True,Data\Materials\morrowind\tx_wood_weathered_rings.mat,
"Seyda Neen, Lighthouse",misc_com_broom_01,True,254.63034,-156.7,-731.4526,12731.517,-7834.999999999999,-36572.63,0.0,348.54086660433535,0.0,True,Data\Materials\morrowind\tx_rope_heavy.mat,
"Seyda Neen, Lighthouse",furn_de_ex_stool_02,True,228.58739,-30.636911,-782.307,11429.3695,-1531.84555,-39115.35,0.0,0.0,103.13239166439227,True,Data\Materials\morrowind\tx_wood_weathered_rings.mat,
"Seyda Neen, Lighthouse",misc_com_bottle_05,True,-280.35043,-63.697277,-723.2376,-14017.5215,-3184.86385,-36161.880000000005,0.0,0.0,51.56620385360527,True,Data\Materials\morrowind\tx_cork_01.mat,
"Seyda Neen, Lighthouse",misc_com_wood_spoon_01,True,-239.24115,-69.805885,-739.8222,-11962.0575,-3490.2942500000004,-36991.11,0.0,0.0,170.923967302514,True,Data\Materials\morrowind\tx_wood_interior_plain_01.mat,
"Seyda Neen, Lighthouse",Misc_Com_Wood_Bowl_01,True,-241.19778,-56.585396,-738.4814,-12059.889,-2829.2698,-36924.07,0.0,0.0,143.2394487827058,True,Data\Materials\morrowind\tx_wood_interior_plain_01.mat,
"Seyda Neen, Lighthouse",misc_com_wood_cup_01,True,-254.56868,-46.93661,-734.168,-12728.434,-2346.8305,-36708.4,0.0,0.0,0.0,True,Data\Materials\morrowind\tx_wood_interior_plain_01.mat,
"Seyda Neen, Lighthouse",com_sack_03_chpfood5,False,38.122837,69.965164,-763.1647,1906.1418499999997,3498.2582,-38158.235,0.0,0.0,359.9999823999061,True,,
"Seyda Neen, Lighthouse",com_sack_03_chpfood5,False,-10.6957855,244.51874,-763.1647,-534.789275,12225.937,-38158.235,0.0,0.0,268.3267695564421,True,,
"Seyda Neen, Lighthouse",furn_com_lantern_hook_02,True,164.93936,-62.03886,-47.86916,8246.967999999999,-3101.943,-2393.458,354.27032996408457,5.729577951308233,120.32114270705083,True,Data\Materials\morrowind\tx_metal_strip_01.mat,
"Seyda Neen, Lighthouse",light_de_lantern_07,True,125.64846,311.12704,-700.8646,6282.423,15556.352,-35043.23,0.0,0.0,222.49025480795737,True,Data\Materials\morrowind\tx_metal_iron_rusty_01.mat,
"Seyda Neen, Lighthouse",furn_com_lantern_hook_02,True,76.521736,58.468395,-291.1333,3826.0868,2923.41975,-14556.665,0.0,0.0,354.27043882606563,True,Data\Materials\morrowind\tx_metal_strip_01.mat,
"Seyda Neen, Lighthouse",furn_com_tapestry_02,True,-248.79193,5.3868847,-7.0211143,-12439.5965,269.344235,-351.05571499999996,0.0,0.0,90.00000419434348,True,Data\Materials\morrowind\tx_fabric_tapestry_01.mat,
"Seyda Neen, Lighthouse",furn_com_tapestry_02,True,260.27298,-62.60187,-531.2786,13013.649000000001,-3130.0935,-26563.93,0.0,0.0,270.0000011238745,True,Data\Materials\morrowind\tx_fabric_tapestry_01.mat,
"Seyda Neen, Lighthouse",furn_com_tapestry_02,True,-310.819,209.651,-478.22,-15540.95,10482.550000000001,-23911.0,0.0,0.0,90.00000419434348,True,Data\Materials\morrowind\tx_fabric_tapestry_01.mat,
"Seyda Neen, Lighthouse",furn_com_tapestry_02,True,-185.29472,376.1726,-471.38528,-9264.736,18808.63,-23569.264000000003,0.0,0.0,180.000002659109,True,Data\Materials\morrowind\tx_fabric_tapestry_01.mat,
"Seyda Neen, Lighthouse",furn_com_p_bench_01,False,182.66699,213.09497,-155.24669,9133.3495,10654.7485,-7762.3345,0.0,0.0,90.00000419434348,True,,
"Seyda Neen, Lighthouse",barrel_01,True,102.123184,-72.38875,-130.79213,5106.1592,-3619.4375,-6539.606499999999,0.0,0.0,0.0,True,,
"Seyda Neen, Lighthouse",barrel_01,True,73.212204,-18.660175,-131.49373,3660.6102,-933.00875,-6574.6865,0.0,0.0,0.0,True,,
"Seyda Neen, Lighthouse",light_com_lantern_02,True,-215.13292,269.10037,-9.444047,-10756.646,13455.0185,-472.20234999999997,0.0,0.0,319.8929940365281,True,Data\Materials\morrowind\tx_firealpha01.mat,
"Seyda Neen, Lighthouse",furn_com_lantern_hook_02,True,-221.84108,276.15958,-11.671167,-11092.054,13807.979,-583.55835,354.27043882606563,354.27043882606563,331.3521499391445,True,Data\Materials\morrowind\tx_metal_strip_01.mat,
"Seyda Neen, Lighthouse",com_chest_02_k02,False,-281.26,86.02,-774.756,-14063.0,4301.0,-38737.799999999996,0.0,0.0,268.2999952386757,True,,
"Seyda Neen, Lighthouse",com_sack_03_chpfood5,False,7.110208,230.73923,-763.1647,355.5104,11536.9615,-38158.235,0.0,0.0,239.67890271821278,True,,
"Seyda Neen, Lighthouse",com_sack_01_saltrice_10,False,87.48462,309.54376,-778.51776,4374.231000000001,15477.188000000002,-38925.888,0.0,0.0,91.67325295050966,True,,
"Seyda Neen, Lighthouse",furn_com_tapestry_02,True,-121.94135,315.6437,14.18488,-6097.0675,15782.185000000001,709.244,0.0,0.0,180.000002659109,True,Data\Materials\morrowind\tx_fabric_tapestry_01.mat,
"Seyda Neen, Lighthouse",furn_de_ex_stool_02,True,-218.15202,-45.87612,-786.0695,-10907.600999999999,-2293.806,-39303.475,0.0,0.0,268.3267695564421,True,Data\Materials\morrowind\tx_wood_weathered_rings.mat,
"Seyda Neen, Lighthouse",misc_com_tankard_01,True,180.53212,162.45128,-126.43715,9026.606,8122.564,-6321.8575,0.0,0.0,314.1634275443757,True,Data\Materials\morrowind\tx_metal_pewter_01.mat,
"Seyda Neen, Lighthouse",ingred_bread_01,True,183.0815,181.43991,-129.93147,9154.075,9071.995499999999,-6496.5734999999995,0.0,0.0,245.40850358783283,True,Data\Materials\morrowind\tx_breadloaf_01.mat,
"Seyda Neen, Lighthouse",potion_comberry_brandy_01,True,185.18376,150.17638,-120.78166,9259.188,7508.8189999999995,-6039.0830000000005,0.0,0.0,0.0,True,Data\Materials\morrowind\tx_crock_04.mat,
"Seyda Neen, Lighthouse",furn_com_tapestry_02,True,-310.819,-49.00781,-478.22,-15540.95,-2450.3905,-23911.0,0.0,0.0,90.00000419434348,True,Data\Materials\morrowind\tx_fabric_tapestry_01.mat,
"Seyda Neen, Terurise Girvayne's House",ex_nord_door_01,True,-144.0,-144.0,-16.0,-7200.0,-7200.0,-800.0,0.0,0.0,180.000002659109,False,Data\Materials\morrowind\tx_hinge_01.mat,
"Seyda Neen, Terurise Girvayne's House",active_com_bed_03,False,129.559,148.498,-97.6,6477.95,7424.9,-4880.0,0.0,0.0,0.0,True,,
"Seyda Neen, Terurise Girvayne's House",misc_com_bucket_01,True,-222.83516,-100.66424,-108.579956,-11141.758,-5033.212,-5428.9978,0.0,0.0,126.05071492878112,True,Data\Materials\morrowind\tx_metal_strip_02.mat,
"Seyda Neen, Terurise Girvayne's House",misc_com_broom_01,True,-230.18964,-125.77188,-68.21205,-11509.482,-6288.594,-3410.6025000000004,0.0,28.64788402696321,258.540845221258,True,Data\Materials\morrowind\tx_rope_heavy.mat,
"Seyda Neen, Terurise Girvayne's House",misc_uni_pillow_01,False,197.5725,145.86592,-70.79631,9878.625,7293.295999999999,-3539.8155,0.0,0.0,360.0000110477959,True,,
"Seyda Neen, Terurise Girvayne's House",com_basket_01_chpfood5,False,147.4852,-122.05082,-89.35474,7374.259999999999,-6102.541,-4467.737,0.0,0.0,331.3521499391445,True,,
"Seyda Neen, Terurise Girvayne's House",com_basket_01_ingredien,False,205.3333,-118.29485,-83.714035,10266.665,-5914.7425,-4185.70175,0.0,0.0,331.3521212912548,True,,
"Seyda Neen, Terurise Girvayne's House",barrel_01_Ingredients,False,193.85344,-45.945175,-93.00099,9692.672,-2297.25875,-4650.0495,0.0,0.0,0.0,True,,
"Seyda Neen, Terurise Girvayne's House",light_com_candle_07,True,198.8196,13.853083,-47.722,9940.98,692.65415,-2386.1,0.0,0.0,360.0000110477959,True,Data\Materials\morrowind\tx_firealpha01.mat,
"Seyda Neen, Terurise Girvayne's House",Com_Sack_02_Ingred,False,-3.3447924,180.342,-103.981995,-167.23962,9017.1,-5199.09975,0.0,0.0,302.7042601826033,True,,
"Seyda Neen, Terurise Girvayne's House",Com_Sack_02_Ingred,False,-18.368986,147.72305,-104.66971,-918.4493,7386.1525,-5233.4855,0.0,0.0,0.0,True,,
"Seyda Neen, Terurise Girvayne's House",com_sack_02_saltrice_10,False,-46.981018,176.692,-104.038376,-2349.0508999999997,8834.6,-5201.9188,0.0,0.0,5.729577951308233,True,,
"Seyda Neen, Terurise Girvayne's House",com_sack_03_ingredients,False,145.191,-51.908,-94.415,7259.55,-2595.4,-4720.75,0.0,342.8000185731969,7.400000306671053,True,,
"Seyda Neen, Terurise Girvayne's House",com_sack_01_saltrice_10,False,-96.405495,150.42586,-118.597,-4820.2747500000005,7521.293,-5929.849999999999,0.0,0.0,29.500000037911057,True,,
"Seyda Neen, Terurise Girvayne's House",com_sack_01_ingred,False,-92.60308,157.35689,-105.99696,-4630.154,7867.844499999999,-5299.848,0.0,0.0,45.83661788088791,True,,
"Seyda Neen, Terurise Girvayne's House",misc_com_bottle_05,True,208.54225,45.556232,-52.13678,10427.1125,2277.8116,-2606.839,0.0,0.0,63.02535746439056,True,Data\Materials\morrowind\tx_cork_01.mat,
"Seyda Neen, Terurise Girvayne's House",in_nord_house_03,True,0.0,0.0,128.0,0.0,0.0,6400.0,0.0,0.0,0.0,True,Data\Materials\morrowind\tx_thatch_01.mat,
"Seyda Neen, Terurise Girvayne's House",in_nord_doorf_01,True,-160.0,-160.0,-32.0,-8000.0,-8000.0,-1600.0,0.0,0.0,0.0,True,Data\Materials\morrowind\tx_wood_brown_posts_02.mat,
"Seyda Neen, Terurise Girvayne's House",ex_nord_win_01,True,152.26299,-170.66554,3.6707532,7613.1495,-8533.277,183.53766000000002,0.0,0.0,180.000002659109,True,Data\Materials\morrowind\tx_hinge_01.mat,
"Seyda Neen, Terurise Girvayne's House",ex_nord_win_01,True,0.143,-170.666,3.671,7.1499999999999995,-8533.3,183.54999999999998,0.0,0.0,180.000002659109,True,Data\Materials\morrowind\tx_hinge_01.mat,
"Seyda Neen, Terurise Girvayne's House",in_nord_fireplace_01,True,-241.32938,109.06586,143.16708,-12066.469,5453.293,7158.354,0.0,0.0,0.0,True,Data\Materials\morrowind\tx_metal_strip_01.mat,
"Seyda Neen, Terurise Girvayne's House",furn_crate_open_01,True,192.47617,26.6524,-97.70482,9623.8085,1332.62,-4885.241,180.000002659109,0.0,0.0,True,Data\Materials\morrowind\tx_wood_brown_box_01.mat,
"Seyda Neen, Terurise Girvayne's House",furn_com_pm_stool_02,False,-220.25014,-49.813126,-108.9079,-11012.507,-2490.6562999999996,-5445.3949999999995,0.0,0.0,40.1070485239466,True,,
"Seyda Neen, Terurise Girvayne's House",furn_crate_lid_01,True,193.99802,70.840546,-94.27908,9699.901,3542.0273,-4713.954,75.32115206903501,0.0,0.0,True,Data\Materials\morrowind\tx_border_metal_bronze_01.mat,
"Seyda Neen, Terurise Girvayne's House",furn_log_04,True,-212.4799,-11.188025,-113.39981,-10623.994999999999,-559.40125,-5669.9905,0.0,0.0,103.13242604185999,True,Data\Materials\morrowind\tx_wood_brown_posts_02.mat,
"Seyda Neen, Terurise Girvayne's House",furn_log_04,True,-224.50377,101.25603,-110.88337,-11225.1885,5062.8015,-5544.1685,0.0,0.0,5.729577951308233,True,Data\Materials\morrowind\tx_wood_brown_posts_02.mat,
"Seyda Neen, Terurise Girvayne's House",furn_log_04,True,-209.59634,102.08116,-110.88337,-10479.817,5104.058,-5544.1685,0.0,0.0,182.38311174597456,True,Data\Materials\morrowind\tx_wood_brown_posts_02.mat,
"Seyda Neen, Terurise Girvayne's House",furn_log_04,True,-216.22116,99.76079,-103.11366,-10811.057999999999,4988.0395,-5155.683,0.0,0.0,348.5408837930692,True,Data\Materials\morrowind\tx_wood_brown_posts_02.mat,
"Seyda Neen, Terurise Girvayne's House",furn_log_04,True,-205.82579,12.395307,-121.370895,-10291.2895,619.76535,-6068.54475,0.0,0.0,97.4028538201297,True,Data\Materials\morrowind\tx_wood_brown_posts_02.mat,
"Seyda Neen, Terurise Girvayne's House",furn_log_03,True,-210.28052,-22.215055,-113.58597,-10514.026,-1110.7527499999999,-5679.2985,0.0,0.0,104.0958030081709,True,Data\Materials\morrowind\tx_wood_brown_posts_02.mat,
"Seyda Neen, Terurise Girvayne's House",furn_log_03,True,-211.70772,-16.122034,-121.63187,-10585.386,-806.1016999999999,-6081.5935,0.0,0.0,103.13241458270409,True,Data\Materials\morrowind\tx_wood_brown_posts_02.mat,
"Seyda Neen, Terurise Girvayne's House",furn_log_03,True,-214.9437,-26.331377,-121.63187,-10747.185,-1316.5688499999999,-6081.5935,0.0,0.0,280.7492966957916,True,Data\Materials\morrowind\tx_wood_brown_posts_02.mat,
"Seyda Neen, Terurise Girvayne's House",furn_log_04,True,-207.64064,-5.706588,-121.370895,-10382.032,-285.3294,-6068.54475,0.0,0.0,286.4788975654116,True,Data\Materials\morrowind\tx_wood_brown_posts_02.mat,
"Seyda Neen, Terurise Girvayne's House",furn_com_cauldron_01,True,-150.7011,173.03812,-85.1149,-7535.055,8651.905999999999,-4255.745,0.0,0.0,80.2140970478932,True,Data\Materials\morrowind\tx_metal_iron_rusty.mat,
"Seyda Neen, Terurise Girvayne's House",misc_com_iron_ladle,True,-149.80194,180.5081,-107.90209,-7490.097,9025.405,-5395.1045,0.0,0.0,314.1634275443757,True,Data\Materials\morrowind\tx_metal_strip_02.mat,
"Seyda Neen, Terurise Girvayne's House",misc_com_wood_spoon_02,True,-157.41823,173.80385,-94.091995,-7870.9115,8690.192500000001,-4704.599749999999,325.6225719878363,314.1634160852198,40.10704565915762,True,Data\Materials\morrowind\tx_wood_interior_plain_01.mat,
"Seyda Neen, Terurise Girvayne's House",Light_Fire_NoSmoke,True,-213.274,99.954,-138.417,-10663.7,4997.7,-6920.85,0.0,0.0,0.0,True,Data\Materials\morrowind\tx_firealpha10.mat,
"Seyda Neen, Terurise Girvayne's House",furn_com_tapestry_03,True,243.8895,-61.218636,89.69629,12194.475,-3060.9318,4484.8145,0.0,0.0,270.0000011238745,True,Data\Materials\morrowind\tx_fabric_tapestry_03.mat,
"Seyda Neen, Terurise Girvayne's House",furn_com_tapestry_03,True,-252.07426,-50.33955,89.69629,-12603.713,-2516.9775,4484.8145,0.0,0.0,90.00000419434348,True,Data\Materials\morrowind\tx_fabric_tapestry_03.mat,
"Seyda Neen, Terurise Girvayne's House",furn_com_tapestry_03,True,-98.65705,212.62251,89.69629,-4932.8525,10631.1255,4484.8145,0.0,0.0,180.000002659109,True,Data\Materials\morrowind\tx_fabric_tapestry_03.mat,
"Seyda Neen, Terurise Girvayne's House",furn_com_tapestry_03,True,103.51713,212.62251,89.69629,5175.8565,10631.1255,4484.8145,0.0,0.0,180.000002659109,True,Data\Materials\morrowind\tx_fabric_tapestry_03.mat,
"Seyda Neen, Terurise Girvayne's House",furn_com_tapestry_03,True,243.8895,109.9818,89.69629,12194.475,5499.09,4484.8145,0.0,0.0,270.0000011238745,True,Data\Materials\morrowind\tx_fabric_tapestry_03.mat,
"Seyda Neen, Terurise Girvayne's House",misc_com_metal_goblet_02,True,195.66641,39.468388,-62.55139,9783.3205,1973.4193999999998,-3127.5695,0.0,0.0,0.0,True,Data\Materials\morrowind\tx_metal_pewter_01.mat,
"Seyda Neen, Terurise Girvayne's House",furn_com_p_table_01,False,23.35716,-108.856,-94.27737,1167.858,-5442.799999999999,-4713.8685000000005,0.0,0.0,0.0,True,,
"Seyda Neen, Terurise Girvayne's House",furn_com_p_bench_01,False,23.814592,-48.296135,-109.9956,1190.7296000000001,-2414.80675,-5499.78,0.0,0.0,0.0,True,,
"Seyda Neen, Terurise Girvayne's House",Misc_Com_Pitcher_Metal_01,True,46.742653,-132.35791,-47.511562,2337.13265,-6617.8955000000005,-2375.5780999999997,0.0,0.0,11.459157048532054,True,Data\Materials\morrowind\tx_metal_pewter_04.mat,
"Seyda Neen, Terurise Girvayne's House",misc_com_metal_plate_05,True,-8.451932,-86.313194,-59.993896,-422.59659999999997,-4315.6597,-2999.6947999999998,0.0,0.0,103.13241458270409,True,Data\Materials\morrowind\tx_metal_pewter_03.mat,
"Seyda Neen, Terurise Girvayne's House",misc_com_metal_plate_05,True,55.664,-85.659,-59.994,2783.2000000000003,-4282.950000000001,-2999.7,0.0,0.0,0.0,True,Data\Materials\morrowind\tx_metal_pewter_03.mat,
"Seyda Neen, Terurise Girvayne's House",misc_com_metal_goblet_02,True,-11.424852,-107.718285,-54.990517,-571.2425999999999,-5385.91425,-2749.52585,0.0,0.0,0.0,True,Data\Materials\morrowind\tx_metal_pewter_01.mat,
"Seyda Neen, Terurise Girvayne's House",misc_com_metal_goblet_02,True,67.63075,-111.68606,-55.581383,3381.5375000000004,-5584.303,-2779.0691500000003,0.0,0.0,0.0,True,Data\Materials\morrowind\tx_metal_pewter_01.mat,
"Seyda Neen, Terurise Girvayne's House",ingred_comberry_01,True,35.509155,-114.27297,-60.298855,1775.45775,-5713.6485,-3014.94275,0.0,0.0,205.3014923061429,True,Data\Materials\morrowind\tx_bittergreen_01.mat,
"Seyda Neen, Terurise Girvayne's House",ingred_comberry_01,True,34.555695,-98.44251,-60.298855,1727.78475,-4922.1255,-3014.94275,0.0,0.0,5.729578524266027,True,Data\Materials\morrowind\tx_bittergreen_01.mat,
"Seyda Neen, Terurise Girvayne's House",ingred_bread_01,True,22.33499,-97.78152,-56.776653,1116.7495000000001,-4889.076,-2838.8326500000003,0.0,0.0,74.48447898953931,True,Data\Materials\morrowind\tx_breadloaf_01.mat,
"Seyda Neen, Terurise Girvayne's House",ingred_bread_01,True,24.510906,-116.636665,-56.56211,1225.5453,-5831.83325,-2828.1054999999997,0.0,0.0,51.56620385360527,True,Data\Materials\morrowind\tx_breadloaf_01.mat,
"Seyda Neen, Terurise Girvayne's House",light_com_candle_09_64,False,3.7114382,-120.70708,-51.901,185.57191,-6035.354,-2595.05,0.0,0.0,337.1000052441174,True,,
"Seyda Neen, Terurise Girvayne's House",Furn_de_rug_big_03,False,23.214108,22.021729,-128.28513,1160.7054,1101.08645,-6414.2565,0.0,0.0,360.0000110477959,True,,
"Seyda Neen, Terurise Girvayne's House",misc_com_bottle_10,True,69.52563,-126.30468,-43.601757,3476.2815000000005,-6315.234,-2180.08785,0.0,0.0,292.08173725243694,True,Data\Materials\morrowind\tx_cork_01.mat,
"Seyda Neen, Terurise Girvayne's House",misc_com_bottle_05,True,61.56893,-143.79532,-44.575905,3078.4465,-7189.7660000000005,-2228.79525,0.0,0.0,314.1634275443757,True,Data\Materials\morrowind\tx_cork_01.mat,
"Seyda Neen, Terurise Girvayne's House",misc_com_bottle_06,True,-24.434332,-125.29441,-46.26435,-1221.7166,-6264.7205,-2313.2175,0.0,0.0,103.13240885312614,True,Data\Materials\morrowind\tx_glass_bottle_blue.mat,
"Seyda Neen, Terurise Girvayne's House",misc_com_wood_fork,True,-15.312482,-80.337166,-59.01869,-765.6241,-4016.8583,-2950.9345,348.54086660433535,0.0,80.2140970478932,True,Data\Materials\morrowind\tx_wood_interior_plain_01.mat,
"Seyda Neen, Terurise Girvayne's House",misc_com_wood_fork,True,63.750973,-80.793785,-58.672436,3187.54865,-4039.68925,-2933.6218,342.81130584176094,0.0,126.05073211751497,True,Data\Materials\morrowind\tx_wood_interior_plain_01.mat,
"Seyda Neen, Terurise Girvayne's House",misc_com_wood_knife,True,-25.721483,-82.822525,-60.968407,-1286.07415,-4141.12625,-3048.42035,0.0,0.0,91.67325295050966,True,Data\Materials\morrowind\tx_metal_pewter_01.mat,
"Seyda Neen, Terurise Girvayne's House",misc_com_wood_knife,True,52.31653,-87.31288,-59.686607,2615.8265,-4365.644,-2984.33035,0.0,0.0,74.48451909658498,True,Data\Materials\morrowind\tx_metal_pewter_01.mat,
"Seyda Neen, Terurise Girvayne's House",misc_com_wood_spoon_01,True,72.82502,-83.07416,-60.81057,3641.2509999999997,-4153.7080000000005,-3040.5285,0.0,0.0,85.94367499920143,True,Data\Materials\morrowind\tx_wood_interior_plain_01.mat,
"Seyda Neen, Terurise Girvayne's House",misc_com_wood_spoon_01,True,9.074151,-82.114105,-60.811,453.70755,-4105.70525,-3040.55,0.0,0.0,85.8999984264786,True,Data\Materials\morrowind\tx_wood_interior_plain_01.mat,
"Seyda Neen, Terurise Girvayne's House",Misc_Com_Wood_Bowl_01,True,21.997068,-139.99693,-58.066673,1099.8534,-6999.8465,-2903.33365,0.0,0.0,28.64788975654116,True,Data\Materials\morrowind\tx_wood_interior_plain_01.mat,
"Seyda Neen, Terurise Girvayne's House",Furn_Com_Planter,True,194.70686,-47.92546,-52.600426,9735.343,-2396.273,-2630.0213,0.0,0.0,0.0,True,Data\Materials\morrowind\tx_bc_bank.mat,
"Seyda Neen, Terurise Girvayne's House",flora_bc_grass_02,True,196.26671,-48.179672,-38.794296,9813.3355,-2408.9836,-1939.7148000000002,0.0,0.0,57.29577951308232,True,Data\Materials\morrowind\tx_bc_grassblade.mat,
"Seyda Neen, Terurise Girvayne's House",flora_bc_grass_02,True,196.57481,-46.779488,-33.821438,9828.7405,-2338.9744,-1691.0719,0.0,0.0,0.0,True,Data\Materials\morrowind\tx_bc_grassblade.mat,
"Seyda Neen, Terurise Girvayne's House",misc_rollingpin_01,True,-15.557,-119.254,-58.677,-777.85,-5962.7,-2933.85,0.0,0.0,73.59999831161791,True,Data\Materials\morrowind\tx_metal_strip_02.mat,
"Seyda Neen, Vodunius Nuccius' House",ex_nord_door_01,True,48.0,-240.0,-16.0,2400.0,-12000.0,-800.0,0.0,0.0,180.000002659109,False,Data\Materials\morrowind\tx_hinge_01.mat,
"Seyda Neen, Vodunius Nuccius' House",in_nord_house_01,True,48.0,-96.0,112.0,2400.0,-4800.0,5600.0,0.0,0.0,0.0,True,Data\Materials\morrowind\_left_01.mat,
"Seyda Neen, Vodunius Nuccius' House",in_nord_doorf_01,True,32.0,-256.0,-32.0,1600.0,-12800.0,-1600.0,0.0,0.0,0.0,True,Data\Materials\morrowind\tx_wood_brown_posts_02.mat,
"Seyda Neen, Vodunius Nuccius' House",ex_nord_win_01,True,-122.78663,-262.09467,12.920565,-6139.3315,-13104.7335,646.02825,0.0,0.0,180.000002659109,True,Data\Materials\morrowind\tx_hinge_01.mat,
"Seyda Neen, Vodunius Nuccius' House",light_com_chandelier_01,True,42.709,-39.247,85.906,2135.4500000000003,-1962.35,4295.3,0.0,0.0,0.0,True,Data\Materials\morrowind\tx_firealpha01.mat,
"Seyda Neen, Vodunius Nuccius' House",furn_com_p_table_01,False,154.38177,32.314323,-104.21727,7719.0885,1615.7161500000002,-5210.8635,0.0,0.0,270.0000011238745,True,,
"Seyda Neen, Vodunius Nuccius' House",furn_com_p_bench_01,False,95.01538,29.56854,-124.11987,4750.768999999999,1478.427,-6205.9935000000005,0.0,0.0,270.0000011238745,True,,
"Seyda Neen, Vodunius Nuccius' House",furn_com_p_bench_01,False,215.54433,40.436523,-124.11987,10777.2165,2021.82615,-6205.9935000000005,0.0,0.0,270.0000011238745,True,,
"Seyda Neen, Vodunius Nuccius' House",com_cupboard_wood_bowls,False,21.64764,127.86789,1.4766023,1082.382,6393.3945,73.83011499999999,0.0,0.0,0.0,True,,
"Seyda Neen, Vodunius Nuccius' House",Misc_Com_Bottle_14,True,0.43778777,122.433754,45.48735,21.889388500000003,6121.6876999999995,2274.3675,0.0,0.0,5.729577951308233,True,Data\Materials\morrowind\tx_cork_01.mat,
"Seyda Neen, Vodunius Nuccius' House",com_sack_01_chpfood5,False,-162.56903,-80.757225,-134.85439,-8128.4515,-4037.8612500000004,-6742.7195,0.0,0.0,252.81128445868364,True,,
"Seyda Neen, Vodunius Nuccius' House",com_sack_01_ingred,False,-118.31949,-31.762619,-132.9164,-5915.9745,-1588.13095,-6645.820000000001,0.0,0.0,280.7492623183239,True,,
"Seyda Neen, Vodunius Nuccius' House",com_sack_02_chpfood3,False,-170.38434,-208.054,-115.65851,-8519.217,-10402.7,-5782.9255,0.0,0.0,325.6225719878363,True,,
"Seyda Neen, Vodunius Nuccius' House",Com_Sack_02_Ingred,False,-95.70601,-211.43028,-117.76915,-4785.3005,-10571.514000000001,-5888.4574999999995,0.0,0.0,152.18872868628398,True,,
"Seyda Neen, Vodunius Nuccius' House",com_sack_03_ingredients,False,-135.73723,-209.46162,-110.210075,-6786.861500000001,-10473.081,-5510.50375,0.0,17.188733853924695,180.000002659109,True,,
"Seyda Neen, Vodunius Nuccius' House",com_basket_01_ingredien,False,121.761,-206.431,-96.688,6088.05,-10321.550000000001,-4834.400000000001,0.0,0.0,118.60000613836759,True,,
"Seyda Neen, Vodunius Nuccius' House",Misc_Com_Bottle_14,True,-23.9418,103.138695,-60.912113,-1197.0900000000001,5156.93475,-3045.60565,0.0,0.0,348.54086660433535,True,Data\Materials\morrowind\tx_cork_01.mat,
"Seyda Neen, Vodunius Nuccius' House",misc_com_metal_goblet_01,True,-22.172337,82.57006,-71.24209,-1108.6168499999999,4128.503,-3562.1045000000004,0.0,0.0,0.0,True,Data\Materials\morrowind\tx_metal_pewter_04.mat,
"Seyda Neen, Vodunius Nuccius' House",Misc_Com_Bottle_14,True,170.7621,-13.566271,-55.08975,8538.105,-678.3135500000001,-2754.4875,0.0,0.0,17.188733853924695,True,Data\Materials\morrowind\tx_cork_01.mat,
"Seyda Neen, Vodunius Nuccius' House",misc_com_metal_plate_05,True,129.12738,31.157614,-69.93381,6456.369,1557.8807,-3496.6904999999997,0.0,0.0,0.0,True,Data\Materials\morrowind\tx_metal_pewter_03.mat,
"Seyda Neen, Vodunius Nuccius' House",misc_com_metal_goblet_01,True,143.89198,5.314085,-64.84579,7194.598999999999,265.70425,-3242.2895,0.0,0.0,0.0,True,Data\Materials\morrowind\tx_metal_pewter_04.mat,
"Seyda Neen, Vodunius Nuccius' House",light_com_candle_02_64,False,159.25185,63.44286,-54.612934,7962.5925,3172.143,-2730.6467000000002,0.0,0.0,337.0817278904527,True,,
"Seyda Neen, Vodunius Nuccius' House",misc_com_redware_bowl_01,False,171.15683,38.129692,-67.94424,8557.8415,1906.4846,-3397.2119999999995,0.0,0.0,331.3521499391445,True,,
"Seyda Neen, Vodunius Nuccius' House",misc_de_foldedcloth00,False,154.72954,-5.720708,-71.41687,7736.476999999999,-286.0354,-3570.8435,0.0,0.0,342.81130584176094,True,,
"Seyda Neen, Vodunius Nuccius' House",furn_com_p_shelf_03,False,292.79324,-58.012848,-16.518625,14639.662000000002,-2900.6423999999997,-825.93125,0.0,0.0,90.00000419434348,True,,
"Seyda Neen, Vodunius Nuccius' House",Com_Sack_02_Ingred,False,-169.70651,-158.38228,-119.638214,-8485.3255,-7919.1140000000005,-5981.9107,0.0,0.0,57.29577378350437,True,,
"Seyda Neen, Vodunius Nuccius' House",misc_uni_pillow_01,False,-141.4823,79.12834,-85.77416,-7074.115000000001,3956.417,-4288.708,0.0,0.0,90.00000419434348,True,,
"Seyda Neen, Vodunius Nuccius' House",active_com_bed_03,False,-143.44107,9.001847,-113.024315,-7172.0535,450.09235,-5651.21575,0.0,0.0,270.0000011238745,True,,
"Seyda Neen, Vodunius Nuccius' House",Misc_Com_Pitcher_Metal_01,True,182.75134,0.22667146,-58.685898,9137.567,11.333573,-2934.2949,0.0,0.0,319.8929940365281,True,Data\Materials\morrowind\tx_metal_pewter_04.mat,
"Seyda Neen, Vodunius Nuccius' House",misc_com_wood_fork,True,129.55563,48.943905,-70.46884,6477.7815,2447.19525,-3523.442,0.0,0.0,348.54086660433535,True,Data\Materials\morrowind\tx_wood_interior_plain_01.mat,
"Seyda Neen, Vodunius Nuccius' House",misc_com_wood_knife,True,131.48785,13.928688,-70.90831,6574.392500000001,696.4344,-3545.4155,0.0,0.0,0.0,True,Data\Materials\morrowind\tx_metal_pewter_01.mat,
"Seyda Neen, Vodunius Nuccius' House",misc_com_wood_spoon_01,True,125.02531,9.103846,-70.75047,6251.2655,455.19230000000005,-3537.5235000000002,0.0,0.0,5.729577951308233,True,Data\Materials\morrowind\tx_wood_interior_plain_01.mat,
"Seyda Neen, Vodunius Nuccius' House",misc_com_broom_01,True,-49.045948,115.773186,-77.06216,-2452.2974,5788.659299999999,-3853.108,11.459155902616466,0.0,0.0,True,Data\Materials\morrowind\tx_rope_heavy.mat,
"Seyda Neen, Vodunius Nuccius' House",misc_com_bucket_01,True,-71.218445,80.00516,-124.02134,-3560.92225,4000.2580000000003,-6201.067,0.0,0.0,233.9493247669046,True,Data\Materials\morrowind\tx_metal_strip_02.mat,
"Seyda Neen, Vodunius Nuccius' House",Misc_Com_Wood_Bowl_05,True,5.2915983,102.85368,-71.998665,264.579915,5142.684,-3599.93325,0.0,0.0,34.37746770784939,True,Data\Materials\morrowind\tx_wood_cherry.mat,
"Seyda Neen, Vodunius Nuccius' House",ingred_bread_01,True,-8.3855505,75.03972,-74.66915,-419.277525,3751.9860000000003,-3733.4575,0.0,0.0,234.9126960036375,True,Data\Materials\morrowind\tx_breadloaf_01.mat,
"Seyda Neen, Vodunius Nuccius' House",ingred_bread_01,True,2.7428665,79.515625,-74.179016,137.143325,3975.78125,-3708.9508,0.0,0.0,34.37746770784939,True,Data\Materials\morrowind\tx_breadloaf_01.mat,
"Seyda Neen, Vodunius Nuccius' House",misc_com_wood_spoon_01,True,-3.6982665,102.73101,-68.91774,-184.913325,5136.5505,-3445.8869999999997,348.54086660433535,331.3521499391445,0.0,True,Data\Materials\morrowind\tx_wood_interior_plain_01.mat,
"Seyda Neen, Vodunius Nuccius' House",Misc_Com_Bottle_14,True,-10.297756,116.93487,45.48735,-514.8878,5846.7435000000005,2274.3675,0.0,0.0,5.729577951308233,True,Data\Materials\morrowind\tx_cork_01.mat,
"Seyda Neen, Vodunius Nuccius' House",misc_com_metal_plate_07,True,47.69959,125.32613,39.663048,2384.9795,6266.306500000001,1983.1524000000002,296.97471087918484,0.0,63.02535746439056,True,Data\Materials\morrowind\tx_metal_brass_plate.mat,
"Seyda Neen, Vodunius Nuccius' House",misc_com_metal_plate_07,True,19.92202,125.32613,39.663048,996.101,6266.306500000001,1983.1524000000002,296.97471087918484,0.0,319.8929940365281,True,Data\Materials\morrowind\tx_metal_brass_plate.mat,
"Seyda Neen, Vodunius Nuccius' House",furn_com_tapestry_01,True,154.09068,121.96587,81.44504,7704.534,6098.2935,4072.2520000000004,0.0,0.0,180.000002659109,True,Data\Materials\morrowind\tx_fabric_tapestry.mat,
"Seyda Neen, Vodunius Nuccius' House",furn_crate_lid_01,True,48.427933,90.92567,-111.37271,2421.39665,4546.2835,-5568.6355,0.0,298.64786223252594,0.0,True,Data\Materials\morrowind\tx_border_metal_bronze_01.mat,
"Seyda Neen, Vodunius Nuccius' House",barrel_01_Ingredients,False,249.05461,-200.3879,-108.44237,12452.7305,-10019.395,-5422.1185,0.0,0.0,0.0,True,,
"Seyda Neen, Vodunius Nuccius' House",Furn_Com_Planter,True,185.00201,-202.08992,-66.46573,9250.1005,-10104.496000000001,-3323.2864999999997,0.0,0.0,0.0,True,Data\Materials\morrowind\tx_bc_bank.mat,
"Seyda Neen, Vodunius Nuccius' House",flora_bc_fern_04,True,184.30989,-202.6013,-43.691906,9215.4945,-10130.065,-2184.5953,0.0,0.0,337.0817278904527,True,Data\Materials\morrowind\tx_bc_fern_01.mat,
"Seyda Neen, Vodunius Nuccius' House",Light_Com_Candle_11,True,252.66,-208.48,-58.246,12633.0,-10424.0,-2912.3,0.0,0.0,45.80000014820109,True,Data\Materials\morrowind\tx_firealpha03.mat,
"Seyda Neen, Vodunius Nuccius' House",furn_com_tapestry_03,True,291.55826,37.45607,80.4076,14577.913,1872.8034999999998,4020.38,0.0,0.0,270.0000011238745,True,Data\Materials\morrowind\tx_fabric_tapestry_03.mat,
"Seyda Neen, Vodunius Nuccius' House",furn_com_tapestry_03,True,-109.995445,121.89395,80.4076,-5499.77225,6094.6975,4020.38,0.0,0.0,180.000002659109,True,Data\Materials\morrowind\tx_fabric_tapestry_03.mat,
"Seyda Neen, Vodunius Nuccius' House",furn_com_tapestry_03,True,291.55826,-154.44136,80.4076,14577.913,-7722.068,4020.38,0.0,0.0,270.0000011238745,True,Data\Materials\morrowind\tx_fabric_tapestry_03.mat,
"Seyda Neen, Vodunius Nuccius' House",furn_com_tapestry_03,True,189.53362,-245.79683,80.4076,9476.681,-12289.8415,4020.38,0.0,0.0,0.0,True,Data\Materials\morrowind\tx_fabric_tapestry_03.mat,
"Seyda Neen, Vodunius Nuccius' House",furn_com_tapestry_03,True,-205.85689,-150.17493,80.4076,-10292.8445,-7508.746499999999,4020.38,0.0,0.0,90.00000419434348,True,Data\Materials\morrowind\tx_fabric_tapestry_03.mat,
"Seyda Neen, Vodunius Nuccius' House",furn_com_tapestry_03,True,-205.85689,32.15813,80.4076,-10292.8445,1607.9065,4020.38,0.0,0.0,90.00000419434348,True,Data\Materials\morrowind\tx_fabric_tapestry_03.mat,
"Seyda Neen, Vodunius Nuccius' House",furn_de_rug_big_06,False,105.4151,-60.723747,-142.5921,5270.755,-3036.18735,-7129.605,0.0,0.0,0.0,True,,
"Seyda Neen, Vodunius Nuccius' House",furn_com_pm_stool_02,False,-130.78445,-166.00989,-127.738884,-6539.2225,-8300.4945,-6386.9442,0.0,0.0,337.0817278904527,True,,
"Seyda Neen, Vodunius Nuccius' House",light_com_candle_05_64,False,-130.10843,-167.52536,-102.50792,-6505.4215,-8376.268,-5125.396,0.0,0.0,0.0,True,,
"Seyda Neen, Vodunius Nuccius' House",Light_Com_Candle_12_Off,False,287.93118,-83.869774,2.4338567,14396.559,-4193.4887,121.69283500000002,0.0,0.0,188.11267250854894,True,,
"Seyda Neen, Vodunius Nuccius' House",Light_Com_Candle_12_Off,False,287.7556,-31.333733,2.4338567,14387.78,-1566.6866499999999,121.69283500000002,0.0,0.0,142.27606608681694,True,,
